date,cpo_pri,cno_pri,exmaus,oli_pri,rps_pri,pno_pri,sbo_pri,sfo_pri,wti_spri,tmax_degC,tmin_degC,ppt_mm,pet_mm,ws_mps,srad,q_mm,maxtempC,mintempC,totalSnow_cm,sunHour,uvIndex,moon_illumination,DewPointC,FeelsLikeC,HeatIndexC,WindChillC,WindGustKmph,cloudcover,humidity,precipMM,pressure,tempC,visibility,winddirDegree,windspeedKmph,HeatIndexC 
2010-12-01,323,455,2.9913874999999996,3102.61,423.45,844.0,468.0,578.0,28.67,30.43,20.29,232.9,115.3,1.67,207.70504,117.7,30.80952381,21.66666667,0,10.4,6.333333333,53.20080644500001,22.23809524,29.78571429,30.0952381,26.54761905,5.642857143,47.76190476,79.26190476,0.269047619,1008.119048,26.54761905,7.760191880249998,168.7380952,4.071428571,
2011-01-01,345,546,2.9913874999999996,3100.45,415.85,799.0,485.0,557.0,24.49,31.2,20.92,89.1,115.4,1.41,228.94287,4.5,30.22580645,21.90322581,0,9.883870968,5.967741935,48.67741935,22.62903226,29.63931451,29.77419355,26.32258065,5.177419355,52.48387097,82.19354839,0.385483871,1009.193548,26.32258065,7.760191880249998,122.7903226,3.758064516,
2011-02-01,362,595,2.9913874999999996,3199.41,410.77,718.0,466.0,552.0,22.06,31.97,21.03,179.7,135.1,1.33,238.41747,25.1,32.67857143,21.71428571,0,11.3,6.142857143,51.57142857,22.01785714,31.26785714,31.39285714,27.58928571,4.375,36.625,74.83928571,0.214285714,1009.375,27.58928571,8.053571429,114.8928571,3.017857143,
2011-03-01,376,636,2.9913874999999996,3281.67,414.82,614.0,442.0,574.0,21.64,32.69,21.6,177.1,123.5,1.17,218.47599,53.6,32.03225806,22.41935484,0,10.29032258,6.258064516,48.70967742,22.90322581,31.61290323,31.66129032,27.62903226,4.919354839,48.41935484,77.93548387,0.277419355,1008.903226,27.51612903,7.967741935,144.3387097,3.532258065,
2011-04-01,383,738,2.9913874999999996,3261.65,451.04,619.0,429.0,595.0,22.3,32.37,22.057500000000005,295.0,129.0,1.27,226.1501,166.0,31.4,22.73333333,0,11.41333333,6.2,49.43333333,23.45,31.73333333,31.73333333,27.45,4.55,38.2,80.45,0.383333333,1009.05,27.08333333,8.65,149.3,3.183333333,
2011-05-01,382,702,2.9913874999999996,3198.4,477.29,605.0,414.0,610.0,23.82,32.4,20.91,150.8,123.3,1.47,223.46136,27.5,33.0,22.58064516,0,11.1483871,6.903225806,48.09677419,22.70967742,32.38709677,32.38709677,28.20967742,5.64516129,30.51612903,74.83870968,0.464516129,1008.854839,28.17741935,8.951612903,238.6129032,4.096774194,
2011-06-01,396,644,2.9913874999999996,3104.06,521.14,595.0,434.0,612.0,27.84,32.37,20.54,59.1,122.0,1.28,212.99449,3.0,33.33333333,22.8,0,11.27333333,6.766666667,49.3,22.3,32.43333333,32.43333333,28.45,6.716666667,28.48333333,72.36666667,0.523333333,1008.383333,28.38333333,8.966666667,184.1166667,4.733333333,
2011-07-01,402,647,2.9913874999999996,3161.99,525.01,616.0,425.0,595.0,29.62,31.4,20.5,197.6,128.2,1.69,226.25413,27.8,33.38709677,22.38709677,0,11.6,6.967741935,47.74193548,21.77419355,31.83870968,31.88709677,28.27419355,7.080645161,26.22580645,70.27419355,0.390322581,1008.629032,28.25806452,9.338709677,187.8225806,5.016129032,
2011-08-01,390,638,2.9913874999999996,3259.13,539.31,651.0,439.0,565.0,29.49,31.83,20.87,122.8,112.4,1.35,204.41613,10.4,33.12903226,22.74193548,0,11.19354839,6.741935484,48.35483871,22.20967742,31.98387097,32.06451613,28.22580645,7.532258065,33.98387097,72.67741935,0.433870968,1009.290323,28.22580645,9.258064516,180.7741935,5.370967742,
2011-09-01,404,589,2.9786,3335.56,593.04,665.0,456.0,578.0,26.71,30.91,20.95,371.1,113.9,1.33,203.41586,257.2,33.06666667,22.66666667,0,11.22666667,6.666666667,49.56666667,22.0,31.98333333,31.98333333,28.18333333,6.616666667,37.43333333,71.81666667,0.63,1009.783333,28.18333333,9.316666667,181.1833333,4.8,
2011-10-01,382,528,2.9738,3454.2,616.49,644.0,429.0,595.0,27.14,30.83,21.49,285.6,90.0,1.22,156.75504,195.6,32.58064516,22.74193548,0,10.61935484,6.516129032,48.90322581,22.77419355,31.80645161,31.88709677,27.82258065,5.532258065,35.85483871,76.03225806,0.430645161,1008.774194,27.82258065,8.516129032,154.6612903,3.951612903,
2011-11-01,382,494,2.9299,3490.25,623.72,600.0,409.0,609.0,29.02,30.69,20.17,123.7,110.6,1.38,200.62309,13.1,31.33333333,22.8,0,10.69666667,6.333333333,49.73333333,23.26666667,31.4,31.4,27.25,6.583333333,48.63333333,80.28333333,0.453333333,1008.466667,27.25,7.816666667,182.6833333,4.716666667,
2011-12-01,391,501,2.8788,3342.78,585.76,562.0,421.0,575.0,30.25,30.09,20.29,133.7,114.2,1.92,206.02457,19.5,31.70967742,22.58064516,0,10.51612903,6.290322581,49.5483871,23.08064516,31.48387097,31.48387097,27.41935484,5.580645161,48.85483871,79.30645161,0.382258065,1009.145161,27.41935484,7.967741935,147.3387097,4.080645161,
2012-01-01,396,493,2.8506,2986.24,551.92,565.0,418.0,543.0,29.41,31.71,21.02,83.0,124.3,1.64,248.63628,4.1,32.51612903,22.32258065,0,10.6516129,6.419354839,50.0,22.25806452,31.48387097,31.48387097,27.83870968,5.951612903,38.03225806,74.43548387,0.459677419,1009.241935,27.83870968,8.548387097,145.8548387,4.241935484,
2012-02-01,413,496,2.8242,2747.9,557.22,575.0,437.0,545.0,26.24,31.83,20.94,240.7,137.7,1.32,246.72375,74.2,33.10344828,22.55172414,0,11.31034483,6.413793103,49.93103448,22.62068966,32.29310345,32.32758621,28.05172414,6.086206897,35.0862069,75.17241379,0.422413793,1008.793103,28.05172414,8.827586207,137.6034483,4.206896552,
2012-03-01,401,461,2.8215,2793.15,607.17,622.0,436.0,615.0,28.92,31.59,21.25,241.6,113.2,1.3,197.58226,128.4,32.22580645,22.48387097,0,10.78709677,6.548387097,50.29032258,22.85483871,31.80645161,31.80645161,27.72580645,5.887096774,41.43548387,76.98387097,0.446774194,1009.274194,27.72580645,8.85483871,184.6129032,4.209677419,
2012-04-01,410,444,2.8213,2757.83,612.27,621.0,444.0,628.0,31.03,31.73,21.34,281.4,107.6,1.1,184.91478,173.8,32.73333333,22.9,0,11.04,6.533333333,50.2,23.05,32.48333333,32.48333333,28.06666667,6.55,37.58333333,76.0,0.848333333,1009.333333,28.06666667,9.183333333,210.6666667,4.633333333,
2012-05-01,425,439,2.8189,2587.66,582.56,611.0,433.0,660.0,33.23,31.9,21.05,173.1,112.3,1.37,204.00802,60.8,33.61290323,22.83870968,0,11.37419355,6.903225806,50.93548387,22.66129032,32.80645161,32.85483871,28.59677419,6.048387097,30.20967742,73.16129032,0.701612903,1008.33871,28.59677419,9.290322581,197.3709677,4.274193548,
2012-06-01,408,427,2.7842,2628.83,553.48,602.0,438.0,689.0,30.84,31.46,20.48,107.2,108.3,1.48,184.81875,5.4,33.63333333,22.53333333,0,11.50666667,7.1,50.4,21.7,31.83333333,31.95,28.41666667,7.266666667,23.33333333,70.46666667,0.381666667,1008.566667,28.41666667,9.45,208.4833333,5.333333333,
2012-07-01,392,402,2.7758,2783.9,564.09,623.0,448.0,731.0,26.02,31.1,20.45,163.1,121.3,1.84,213.05851,37.7,33.12903226,22.90322581,0,11.41935484,6.838709677,51.61290323,21.87096774,31.91935484,31.91935484,28.40322581,7.693548387,28.53225806,70.93548387,0.383870968,1008.467742,28.33870968,9.225806452,179.3709677,5.629032258,
2012-08-01,371,418,2.7693,2787.13,615.82,685.0,448.0,712.0,24.29,31.37,20.48,212.3,105.5,1.39,191.5486,106.8,33.41935484,22.58064516,0,11.37419355,6.967741935,52.0,22.0,32.09677419,32.09677419,28.41935484,6.983870968,27.75806452,71.08064516,0.532258065,1009.532258,28.38709677,9.274193548,171.8064516,5.096774194,
2012-09-01,356,436,2.773,2721.53,620.32,712.0,461.0,696.0,26.33,30.7,20.75,392.8,98.0,1.39,169.3425,294.8,32.76666667,22.8,0,11.22666667,6.933333333,50.83333333,21.91666667,31.66666667,31.66666667,28.13333333,6.7,35.65,70.96666667,0.666666667,1009.766667,28.11666667,9.133333333,207.95,4.883333333,
2012-10-01,362,460,2.7682,2694.24,648.67,773.0,505.0,684.0,27.04,31.22,21.74,345.6,96.4,1.1,173.95977,249.2,32.80645161,22.93548387,0,10.71935484,6.709677419,52.12903226,22.53225806,31.91935484,31.91935484,28.11290323,6.274193548,38.9516129,74.40322581,0.456451613,1009.306452,28.11290323,9.064516129,187.5806452,4.532258065,
2012-11-01,356,455,2.8146,2685.46,675.49,858.0,483.0,632.0,28.36,30.54,20.46,304.7,101.2,1.47,178.38498,203.5,31.6,22.93333333,0,10.47333333,6.233333333,50.56666667,23.58333333,31.81666667,31.85,27.48333333,5.35,46.41666667,80.96666667,0.846666667,1008.866667,27.48333333,7.760191880249998,193.4833333,4.016666667,
2012-12-01,352,424,2.8149,2743.6,704.51,845.0,489.0,624.0,25.21,29.88,20.33,265.3,112.6,1.68,203.81597,152.7,31.51612903,22.87096774,0,10.33548387,6.225806452,51.48387097,23.35483871,31.58064516,31.58064516,27.38709677,4.887096774,50.27419355,81.01612903,0.362903226,1008.709677,27.38709677,7.760191880249998,113.3225806,3.306451613,
2013-01-01,333,419,2.6602,2706.44,687.6,807.0,491.0,632.0,25.93,30.56,21.12,110.5,110.3,1.59,217.47572,5.5,32.29032258,22.58064516,0,10.56129032,6.419354839,51.0,22.43548387,31.30645161,31.37096774,27.62903226,6.080645161,42.74193548,76.20967742,0.258064516,1010.387097,27.62903226,8.483870968,139.1612903,4.370967742,
2013-02-01,357,464,2.505,2665.22,644.98,808.0,536.0,657.0,26.57,32.17,20.59,206.0,131.4,1.19,231.43955,71.2,31.57142857,22.46428571,0,10.1,6.142857143,48.92857143,23.10714286,31.28571429,31.32142857,27.28571429,5.392857143,52.08928571,80.33928571,0.569642857,1009.410714,27.28571429,7.760191880249998,121.1964286,3.803571429,
2013-03-01,411,615,2.481,2681.78,700.61,924.0,589.0,701.0,26.15,31.69,21.29,280.2,117.6,1.26,207.40895,162.6,33.74193548,22.90322581,0,11.41935484,6.677419355,50.96774194,23.17741935,33.40322581,33.40322581,28.67741935,5.483870968,30.66129032,75.01612903,0.664516129,1009.790323,28.67741935,9.290322581,129.3387097,3.887096774,
2013-04-01,404,595,2.4793,2686.82,699.96,993.0,602.0,727.0,27.15,32.02,21.29,194.9,117.7,1.04,205.71249,77.2,34.0,23.4,0,11.18,7.2,50.23333333,23.3,33.63333333,33.63333333,29.06666667,6.266666667,35.13333333,73.71666667,0.596666667,1008.266667,29.06666667,9.083333333,225.65,4.633333333,
2013-05-01,387,573,2.4479,2661.5,650.92,1011.0,577.0,724.0,27.47,31.7,20.65,86.1,118.9,1.44,217.87583,4.3,33.87096774,23.41935484,0,11.10322581,7.258064516,50.41935484,23.0,33.24193548,33.24193548,28.9516129,6.532258065,36.77419355,73.22580645,0.470967742,1008.322581,28.9516129,9.016129032,197.2580645,4.661290323,
2013-06-01,395,539,2.32,2683.4,667.68,1013.0,586.0,699.0,29.96,31.42,20.73,188.3,116.8,1.15,208.10515,48.0,34.43333333,23.0,0,11.36666667,7.433333333,50.03333333,21.5,32.71666667,32.71666667,29.05,6.95,22.78333333,67.35,0.248333333,1007.7029571249998,29.05,9.183333333,236.2166667,5.083333333,
2013-07-01,434,560,2.2803,2668.77,657.92,1030.0,584.0,695.0,30.63,31.8,20.75,150.9,126.0,1.46,222.36506,24.9,33.5483871,22.06451613,0,11.24193548,7.096774194,49.70967742,21.19354839,31.43548387,31.48387097,28.17741935,7.290322581,29.37096774,69.32258065,0.424193548,1008.370968,28.17741935,9.483870968,191.0483871,5.290322581,
2013-08-01,488,599,2.3062,2705.24,668.92,1020.0,594.0,714.0,33.59,31.53,20.73,207.8,110.9,1.18,202.31956,96.9,33.16129032,22.61290323,0,11.19354839,6.903225806,49.38709677,21.5483871,31.53225806,31.62903226,28.22580645,7.725806452,32.9516129,70.12903226,0.522580645,1008.854839,28.22580645,9.258064516,189.483871,5.467741935,
2013-09-01,508,608,2.2916,2744.46,684.68,1014.0,571.0,695.0,31.32,31.2,20.8,253.4,104.9,1.15,182.77819,148.5,32.4,22.56666667,0,10.71333333,6.8,49.6,21.93333333,31.11666667,31.2,27.65,7.516666667,37.03333333,73.68333333,0.246666667,1009.216667,27.65,9.4,210.1166667,5.4,
2013-10-01,494,579,2.3908,3553.91,709.72,1017.0,560.0,700.0,33.28,30.97,21.79,372.1,94.6,0.98,170.21474,277.5,32.4516129,22.83870968,0,11.15806452,6.709677419,48.64516129,22.40322581,31.51612903,31.51612903,27.87096774,6.935483871,39.37096774,74.30645161,0.643548387,1009.903226,27.87096774,8.806451613,228.0806452,5.080645161,
2013-11-01,575,596,2.4153,3548.05,683.88,1018.0,600.0,706.0,36.9,30.03,20.56,328.5,96.9,1.21,171.80718,231.6,31.83333333,22.83333333,0,10.75,6.333333333,49.5,23.21666667,31.68333333,31.68333333,27.55,5.916666667,46.86666667,78.78333333,0.606666667,1008.316667,27.55,8.683333333,157.5166667,4.266666667,
2013-12-01,614,622,2.4943,3596.26,647.24,1018.0,672.0,708.0,37.59,29.48,20.13,236.1,111.9,1.69,206.42468,124.2,30.64516129,22.70967742,0,9.55870966625,6.096774194,48.06451613,23.33870968,30.79032258,30.82258065,26.88709677,6.403225806,57.37096774,82.5483871,0.39516129,1009.241935,26.88709677,7.760191880249998,124.983871,4.532258065,
2014-01-01,616,621,2.4698,3694.03,663.64,1029.0,642.0,682.0,42.64,30.86,20.82,157.7,105.9,1.42,208.12115,51.8,31.61290323,21.35483871,0,10.74193548,6.387096774,47.77419355,21.35483871,29.64516129,30.14516129,27.24193548,7.096774194,40.35483871,74.03225806,0.108064516,1011.435484,26.91935484,8.435483871,84.56451613,5.161290323,
2014-02-01,707,706,2.4304,3656.24,651.7,1048.0,706.0,683.0,37.3,31.77,21.09,232.5,135.6,1.1,245.00328,96.9,34.78571429,21.5,0,11.4,6.785714286,52.60714286,20.67857143,31.55357143,31.85714286,28.64285714,6.214285714,22.73214286,67.10714286,0.058928571,1009.928571,28.64285714,9.196428571,114.4107143,4.625,
2014-03-01,719,692,2.3833,3587.45,652.57,1062.0,693.0,646.0,32.25,31.39,21.34,292.8,120.3,1.06,219.61231,172.5,34.25806452,22.4516129,0,11.10322581,6.935483871,47.77419355,21.93548387,32.67741935,32.67741935,28.90322581,5.629032258,30.62903226,70.67741935,0.229032258,1010.370968,28.82258065,9.177419355,124.6451613,4.177419355,
2014-04-01,655,622,2.3723,3622.27,642.01,1054.0,674.0,598.0,35.69,31.82,21.24,153.4,113.1,1.14,196.32591,40.3,32.63333333,22.93333333,0,11.32,6.433333333,49.26666667,23.65,32.6,32.6,27.93333333,6.2,35.16666667,79.41666667,0.976666667,1009.55,27.93333333,8.516666667,170.9,4.5,
2014-05-01,661,636,2.4047,3772.18,645.33,1025.0,663.0,602.0,36.86,31.54,20.35,128.1,111.9,1.26,204.72022,16.2,33.25806452,23.22580645,0,10.70322581,6.64516129,48.35483871,23.66129032,33.37096774,33.37096774,28.5483871,6.241935484,35.61290323,77.25806452,0.622580645,1008.919355,28.5483871,8.919354839,158.4677419,4.5,
2014-06-01,687,632,2.4114,4161.09,654.17,990.0,652.0,591.0,41.04,31.76,19.98,174.1,114.9,1.31,199.9269,59.2,34.06666667,23.26666667,0,11.6,7.566666667,49.53333333,22.05,32.78333333,32.78333333,28.88333333,7.2,22.95,69.31666667,0.288333333,1007.8,28.88333333,9.533333333,192.7333333,5.2,
2014-07-01,625,619,2.4146,4503.83,687.82,981.0,610.0,595.0,40.94,31.5,20.45,165.7,121.1,1.56,212.01822,44.6,33.90322581,22.80645161,0,11.41935484,7.129032258,48.90322581,21.38709677,32.19354839,32.19354839,28.74193548,7.064516129,24.75806452,67.62903226,0.298387097,1009.016129,28.67741935,9.741935484,178.7580645,5.193548387,
2014-08-01,611,616,2.413,4446.18,734.38,973.0,595.0,606.0,39.25,31.22,20.03,229.2,107.2,1.25,193.92525,122.0,32.87096774,22.70967742,0,11.01290323,6.806451613,49.38709677,22.19354839,31.61290323,31.70967742,27.93548387,6.967741935,37.83870968,73.29032258,0.403225806,1009.66129,27.93548387,9.193548387,191.7741935,5.016129032,
2014-09-01,631,668,2.406,4465.47,727.47,965.0,611.0,659.0,46.36,30.6,20.4,232.8,103.9,1.21,182.93023,128.9,32.96666667,22.76666667,0,11.32,6.766666667,49.9,22.28333333,31.95,32.0,28.18333333,6.316666667,33.9,73.23333333,0.343333333,1010.083333,28.18333333,9.666666667,168.8833333,4.683333333,
2014-10-01,655,693,2.3219,4624.57,711.64,969.0,626.0,679.0,48.74,31.33,21.48,230.7,97.8,0.85,179.43327,132.9,32.70967742,23.19354839,0,10.99032258,6.483870968,50.0,23.19354839,32.46774194,32.46774194,28.03225806,6.193548387,39.32258065,76.67741935,0.562903226,1009.758065,28.03225806,9.048387097,165.5,4.451612903,
2014-11-01,616,686,2.357,4591.11,728.91,980.0,616.0,666.0,52.85,29.59,20.56,298.1,87.0,1.18,150.74539,211.1,31.56666667,23.06666667,0,10.74666667,6.466666667,50.1,23.36666667,31.8,31.83333333,27.65,6.166666667,46.7,79.46666667,0.328333333,1009.2,27.4,8.4,139.0666667,4.433333333,
2014-12-01,586,677,2.3064,4749.52,716.23,981.0,614.0,647.0,53.48,29.13375,20.43,212.2,104.4,1.53,193.22906,107.8,29.967741945000007,22.77419355,0,9.748387097,6.193548387,50.61290323,23.22580645,30.72580645,30.79032258,27.17741935,5.403225806,57.967943536250004,81.29032258,0.0,1010.032258,26.41935484,7.760191880249998,120.1290323,3.741935484,
2015-01-01,615,718,2.2659,4973.13,738.57,990.0,638.0,666.0,51.91,30.51,20.23,61.6,112.7,1.73,222.17301,3.1,32.35483871,21.83870968,0,11.05806452,6.516129032,51.09677419,21.64516129,30.66129032,30.83870968,27.5,5.758064516,40.51612903,73.85483871,0.162903226,1011.467742,27.4516129,8.564516129,108.0483871,4.0,
2015-02-01,607,750,2.2431,5082.29,773.72,995.0,623.0,669.0,49.45,30.93,20.88,271.2,123.5,1.1,221.87693,113.4,33.92857143,21.85714286,0,10.85,6.785714286,48.75,20.67857143,31.16071429,31.32142857,28.375,5.946428571,36.78571429,67.64285714,0.128571429,1011.517857,28.33928571,9.428571429,92.91071429,4.196428571,
2015-03-01,590,718,2.2833,5002.53,828.42,988.0,579.0,666.0,50.11,31.69,21.09,292.7,120.5,1.02,218.98813,172.2,33.16129032,22.83870968,0,10.56129032,6.64516129,51.03225806,22.56451613,32.43548387,32.43548387,28.62903226,5.596774194,35.03225806,73.38709677,0.241935484,1010.854839,28.38709677,8.822580645,122.4354839,3.693548387,
2015-04-01,535,711,2.2585,5473.141250000001,829.91,959.0,554.0,722.0,54.11,32.02,21.29,259.2,117.3,1.13,203.96801,141.9,33.86666667,23.66666667,0,11.13333333,6.9,50.53333333,23.15,33.53333333,33.53333333,29.31666667,5.8,31.76666667,73.16666667,0.615,1009.65,29.08333333,8.6,134.9666667,4.083333333,
2015-05-01,518,738,2.2803,5473.141250000001,820.58,925.0,548.0,730.0,51.62,31.8,20.1,170.9,122.3,1.26,226.64624,48.6,34.41935484,23.83870968,0,11.37419355,7.258064516,51.67741935,23.14516129,33.91935484,33.91935484,29.5,6.0,32.61290323,72.14516129,0.787096774,1009.774194,29.40322581,9.35483871,137.8709677,4.129032258,
2015-06-01,519,723,2.4149,5473.141250000001,809.12,911.0,538.0,719.0,52.32,31.71,20.33,104.5,111.8,1.31,193.53314,5.2,34.06666667,23.56666667,0,11.0,7.3,50.73333333,22.4,33.11666667,33.11666667,29.26666667,6.85,32.23333333,69.83333333,0.49,1009.316667,29.21666667,9.316666667,161.35,4.866666667,
2015-07-01,562,756,2.5139,5473.141250000001,785.73,895.0,582.0,709.0,56.57,30.84,19.9,314.7,114.7,1.36,200.88716,192.1,34.51612903,23.67741935,0,11.41935484,7.64516129,52.25806452,21.46774194,32.80645161,32.80645161,29.56451613,7.258064516,30.03225806,65.32258065,0.382258065,1009.66129,29.51612903,9.709677419,179.016129,5.258064516,
2015-08-01,552,778,2.5501,5473.141250000001,784.4,897.0,591.0,713.0,55.55,31.12,20.57,187.7,103.8,1.15,190.24424,83.9,34.09677419,23.58064516,0,11.1483871,7.258064516,51.96774194,21.85483871,32.69354839,32.69354839,29.19354839,6.919354839,38.01612903,67.48387097,0.690322581,1010.209677,29.17741935,9.5,165.3225806,5.032258065,
2015-09-01,508,816,2.5687,5473.141250000001,822.39,904.0,563.0,755.0,56.08,30.46,20.8,374.5,100.3,1.19,175.43217,274.2,33.46666667,23.5,0,10.66666667,7.266666667,50.53333333,21.83333333,32.36666667,32.36666667,29.06666667,6.383333333,40.3,68.1,0.338333333,1010.066667,28.76666667,9.633333333,191.7166667,4.766666667,
2015-10-01,476,775,2.5689,5473.141250000001,854.31,902.0,549.0,831.0,58.66,31.57,21.64,301.2,100.6,0.97,182.59414,200.6,34.29032258,23.70967742,0,11.06129032,7.161290323,51.32258065,22.0,32.91935484,32.91935484,29.40322581,6.0,37.25806452,68.08064516,0.517741935,1010.854839,29.38709677,9.661290323,118.1129032,4.161290323,
2015-11-01,513,742,2.586,5473.141250000001,823.02,885.0,565.0,916.0,57.01,29.89,20.42,242.2,97.9,1.31,172.64741,144.3,33.36666667,23.43333333,0,10.64333333,6.766666667,50.43333333,23.21666667,33.03333333,33.03333333,28.78333333,5.65,41.95,74.45,0.813333333,1009.366667,28.78333333,9.133333333,139.3333333,3.85,
2015-12-01,545,721,2.5842,5473.141250000001,790.39,879.0,569.0,999.0,50.14,29.13375,19.63,199.6,105.2,1.69,195.32564,94.4,32.90322581,23.29032258,0,11.10322581,6.612903226,50.64516129,22.80645161,32.46774194,32.46774194,28.61290323,5.258064516,35.74193548,74.14516129,0.359677419,1011.032258,28.5,9.064516129,114.4677419,3.580645161,
2016-01-01,532,722,2.5643,5473.141250000001,771.51,874.0,528.0,1114.0,46.67,30.01,20.17,64.4,106.0,1.68,210.73787,3.2,34.0,23.35483871,0,11.1483871,6.870967742,50.22580645,22.43548387,32.98387097,32.98387097,29.06451613,5.870967742,32.03225806,71.17741935,0.20483871,1011.451613,29.03225806,9.0,99.87096774,4.14516129,
2016-02-01,550,760,2.561,5473.141250000001,808.43,868.0,517.0,1279.0,45.91,31.68,20.79,102.6,133.4,1.24,241.17823,5.1,34.17241379,22.75862069,0,11.16551724,6.75862069,50.0,21.72413793,32.39655172,32.39655172,28.9137931,7.017241379,32.03448276,69.65517241,0.094827586,1011.5298381250002,28.89655172,9.137931034,62.79310345,5.034482759,
2016-03-01,561,777,2.562,5473.141250000001,844.71,868.0,514.0,1358.0,46.93,32.69,21.05,82.5,128.9,1.14,232.76792,4.1,35.87096774,24.0,0,11.41935484,7.612903226,49.93548387,22.38709677,34.40322581,34.40322581,30.35483871,5.870967742,29.58064516,67.09677419,0.309677419,1011.209677,30.33870968,9.725806452,129.7419355,4.241935484,
2016-04-01,567,768,2.5589,5473.141250000001,867.68,874.0,534.0,1401.0,41.73,32.27,21.25,303.4,119.3,1.11,207.04085,129.4,34.46666667,24.0,0,10.52666667,7.166666667,49.83333333,23.46666667,34.66666667,34.65451195,29.9,5.5,36.13333333,72.31666667,0.413333333,1009.516667,29.65,9.25,157.8166667,3.85,
2016-05-01,580,768,2.5544,5202.66,925.81,886.0,527.0,1469.0,45.32,32.0,20.61,75.4,106.1,1.29,187.31544,3.8,34.16129032,24.38709677,0,11.10645161,7.290322581,49.32258065,23.5483871,34.46774194,34.46774194,29.70967742,5.596774194,40.83870968,72.4516129,0.769354839,1008.967742,29.56451613,9.483870968,159.5483871,3.806451613,
2016-06-01,559,737,2.5266,4815.96,958.29,896.0,541.0,1709.0,45.77,31.91,20.63,138.9,107.3,1.32,181.30579,9.8,34.26666667,23.36666667,0,11.13333333,7.133333333,49.6,21.35,32.78333333,32.78333333,29.5,6.433333333,36.08333333,65.36666667,0.488333333,1009.733333,29.45,9.516666667,178.1333333,4.733333333,
2016-07-01,562,710,2.4953,4235.24,1044.75,938.0,541.0,1839.0,47.31,31.35,20.55,179.9,107.5,1.55,180.30551,72.4,33.87096774,23.4516129,0,10.52580645,7.35483871,48.70967742,21.93548387,32.83870968,32.83870968,29.27419355,6.774193548,30.37096774,68.37096774,0.311290323,1009.322581,29.0,9.516129032,167.5645161,4.887096774,
2016-08-01,553,654,2.5155,4246.53,1146.97,981.0,541.0,1863.0,46.96,31.37,20.97,196.5,93.7,1.22,165.28539,102.8,35.16129032,23.5483871,0,11.46451613,7.64516129,48.19354839,20.67741935,32.69354839,32.69354839,29.77419355,7.032258065,31.11290323,61.98387097,0.216129032,1008.806452,29.75806452,9.532258065,205.1774194,5.209677419,
2016-09-01,533,637,2.5269,3452.36,1252.43,1047.0,550.0,1838.0,50.3,30.6,20.8,351.8,93.7,1.33,158.57955,258.1,35.43333333,23.26666667,0,11.46,7.6,49.33333333,20.35,32.58333333,32.58333333,29.78333333,7.233333333,35.7,61.56666667,0.423333333,1009.45,29.78333333,9.716666667,246.05,5.35,
2016-10-01,498,597,2.5308,3760.36,1336.75,1096.0,535.0,1962.0,54.06,31.67,21.64,400.3,83.2,0.98,141.75893,317.1,34.61290323,23.41935484,0,11.07419355,7.387096774,47.77419355,20.67741935,32.25806452,32.25806452,29.35483871,7.64516129,39.37096774,63.53225806,0.293548387,1009.064516,29.33870968,9.693548387,255.3387097,5.822580645,
2016-11-01,504,567,2.5285,3607.56,1390.42,1093.0,544.0,2045.0,53.14,30.43,20.36,224.6,97.8,1.22,171.39907,126.8,33.0,23.46666667,0,10.83333333,6.466666667,49.3,23.08333333,32.55,32.55,28.43333333,5.283333333,47.88333333,74.95,1.008333333,1009.166667,28.41666667,9.316666667,172.4166667,3.75,
2016-12-01,525,615,2.5178,3839.11,1429.55,1083.0,555.0,1692.0,57.51,30.63,20.54,185.2,110.4,1.59,195.2056,74.8,32.32258065,22.74193548,0,10.6516129,6.290322581,48.35483871,22.08064516,31.19354839,31.22580645,27.91935484,6.064516129,40.80645161,73.66129032,0.556451613,1009.580645,27.90322581,8.596774194,163.4032258,4.306451613,
2017-01-01,547,627,2.4994,3914.95,1510.12,1083.0,611.0,1319.0,60.38,30.46,21.41,145.5,104.3,1.53,201.23926,41.2,31.80645161,22.64516129,0,10.60645161,6.387096774,48.77419355,22.19354839,31.0483871,31.0483871,27.69354839,5.951612903,43.08064516,75.27419355,0.620967742,1009.935484,27.62903226,8.290322581,130.6290323,4.096774194,
2017-02-01,556,616,2.4905,3881.83,1471.49,1090.0,676.0,1176.0,64.54,31.43,21.18,151.1,135.1,1.27,240.79412,16.0,32.60714286,22.14285714,0,11.1,6.321428571,51.42857143,21.96428571,31.23214286,31.35714286,27.80357143,5.821428571,36.51785714,73.92857143,0.373214286,1011.357143,27.80357143,8.303571429,108.1428571,4.107142857,
2017-03-01,566,586,2.4811,3655.3,1524.95,1058.0,622.0,950.0,62.71,31.79,21.54,222.7,115.7,0.93,207.36894,107.0,33.38709677,22.80645161,0,11.23870968,6.419354839,48.74193548,22.69354839,32.46774194,32.46774194,28.48387097,5.14516129,39.35483871,73.96774194,0.701612903,1010.241935,28.48387097,8.290322581,138.0322581,3.516129032,
2017-04-01,621,558,2.4842,3475.1,1591.88,1055.0,625.0,835.0,63.18,31.77,21.3,183.3,121.0,1.1,212.11425,62.3,33.46666667,23.43333333,0,11.08666667,6.7,49.76666667,23.08333333,33.05,33.05,28.83333333,5.65,38.68333333,74.43333333,1.142540322,1010.016667,28.83333333,8.783333333,188.85,4.083333333,
2017-05-01,659,559,2.4832,3164.0,1549.44,1029.0,634.0,759.0,64.68,31.6,20.46,202.8,110.0,1.28,196.78204,92.8,33.93548387,23.90322581,0,11.1516129,7.032258065,49.29032258,23.30645161,33.69354839,33.69354839,29.16129032,6.016129032,37.32258065,72.98387097,1.046774194,1009.048387,29.16129032,9.0,142.4354839,4.225806452,
2017-06-01,671,578,2.4727,3106.16,1352.83,949.0,652.0,817.0,67.94,31.06,20.29,329.6,106.1,1.23,181.85794,223.5,34.4,23.23333333,0,11.46,7.3,49.9,21.88333333,32.8,32.8,29.26666667,6.0,32.2,68.58333333,0.606666667,1009.633333,29.26666667,9.466666667,152.0333333,4.15,
2017-07-01,688,618,2.4627,3093.11,1238.29,928.0,662.0,805.0,71.51,31.45,19.9,131.7,124.5,1.46,219.2362,7.2,34.06451613,23.83870968,0,11.32903226,7.35483871,50.06451613,21.5483871,32.66129032,32.66129032,29.29032258,6.887096774,30.25806452,66.0,0.49516129,1009.709677,29.29032258,9.580645161,163.6290323,5.241935484,
2017-08-01,705,723,2.463,3160.63,1040.68,900.0,671.0,757.0,80.36,31.12,20.62,223.5,101.5,1.35,181.75391,122.0,33.41935484,24.32258065,0,10.96774194,7.129032258,50.38709677,22.17741935,32.80645161,32.80645161,29.24193548,7.403225806,41.29032258,67.83870968,0.643548387,1009.322581,29.24193548,9.516129032,179.6290323,5.64516129,
2017-09-01,633,652,2.4339,3184.11,974.82,891.0,629.0,843.0,86.12,30.45,20.51,283.8,101.6,1.18,176.41644,182.2,33.53333333,24.36666667,0,11.32,7.133333333,50.26666667,22.35,32.98333333,32.98333333,29.28333333,6.933333333,39.73333333,68.51666667,0.99,1009.75,29.28333333,9.383333333,174.8666667,5.433333333,
2017-10-01,661,667,2.3861,3172.03,838.02,874.0,612.0,941.0,84.58,31.17,21.54,236.3,92.9,1.06,163.95702,143.4,34.0,24.80645161,0,11.20322581,7.322580645,51.09677419,22.12903226,33.37096774,33.37096774,29.80645161,6.467741935,32.87096774,66.43548387,0.638709677,1009.306452,29.75806452,9.564516129,217.5322581,5.177419355,
2017-11-01,674,667,2.3696,3148.39,831.74,862.0,592.0,907.0,77.92,29.64,19.82,225.9,96.5,1.29,169.6946,129.4,31.46666667,23.83333333,0,9.946666667,6.433333333,50.56666667,23.2,31.61666667,31.61666667,27.86666667,5.616666667,51.91666667,77.75,0.756666667,1008.3,27.86666667,8.75,185.0,4.383333333,
2017-12-01,703,652,2.368,3293.41,802.4,852.0,615.0,804.0,72.35,29.78,19.397499999999994,42.0,122.5,1.81,225.63796,2.1,32.06451613,23.51612903,0,11.05806452,6.483870968,51.61290323,22.64516129,31.80645161,31.80645161,28.12903226,5.64516129,41.96774194,74.61290323,0.709677419,1009.903226,28.12903226,9.419354839,154.9677419,4.129032258,
2018-01-01,694,695,2.3599,3346.8,776.9,850.0,614.0,820.0,57.58,30.61,20.67,84.0,102.5,1.47,200.36702,4.2,30.87096774,22.74193548,0,10.51612903,6.096774194,52.25806452,22.35483871,30.41935484,30.56451613,27.11290323,4.806451613,48.06451613,77.35483871,0.933870968,1009.33871,27.11290323,8.870967742,157.2903226,3.516129032,
2018-02-01,681,752,2.3569,3281.72,830.19,862.0,614.0,809.0,45.0,31.38,20.63,153.4,128.5,1.28,228.3427,7.7,33.07142857,22.64285714,0,10.55,6.892857143,47.5,21.44642857,31.55357143,31.55357143,28.39285714,6.125,37.60714286,69.14285714,0.167857143,1011.339286,28.39285714,9.839285714,104.0357143,4.5,
2018-03-01,663,774,2.3779,3299.12,947.07,861.0,591.0,846.0,30.88,31.35,20.89,237.3,110.5,1.03,197.07812,89.9,33.38709677,23.64516129,0,11.10322581,6.806451613,52.16129032,22.75806452,32.88709677,32.88709677,29.0,5.290322581,35.5483871,71.82258065,0.553225806,1009.967742,28.91935484,9.612903226,135.1290323,4.064516129,
2018-04-01,632,763,2.4014,3260.92,917.18,952.71,541.63,921.0,31.54,31.37,21.19,271.5,115.1,1.16,202.4716,156.4,33.76666667,23.96666667,0,10.94666667,7.133333333,50.8,23.03333333,33.71666667,33.71666667,29.56666667,5.266666667,36.91666667,71.11666667,0.418333333,1009.15,29.25,9.783333333,150.7666667,4.05,
2018-05-01,561,745,2.383,3216.03,851.56,889.57,482.36,986.0,30.62,31.8,20.55,87.1,106.3,1.39,188.48376,4.4,33.06451613,24.29032258,0,11.1483871,6.935483871,51.96774194,23.69354839,33.64516129,33.64516129,29.0,6.467741935,41.67741935,75.48387097,0.764516129,1009.306452,29.0,9.387096774,128.7258065,4.774193548,
2018-06-01,497,700,2.3559,3767.08,884.24,752.45,444.36,968.0,36.45,31.46,20.28,116.3,107.0,1.25,183.29033,5.8,33.43333333,24.23333333,0,11.22666667,7.3,50.53333333,22.4,32.93333333,32.93333333,29.23333333,7.166666667,33.96666667,69.33333333,0.431666667,1009.816667,29.21666667,9.733333333,150.4333333,5.583333333,
2018-07-01,509,827,2.3025,3824.25,855.36,663.89,442.68,948.0,37.77,31.29,20.14,268.9,115.8,1.5,200.56708,141.7,33.25806452,23.96774194,0,11.46451613,7.193548387,51.35483871,21.69354839,32.40322581,32.40322581,29.03225806,7.935483871,30.67741935,66.82258065,0.456451613,1009.096774,29.03225806,9.677419355,158.6290323,6.225806452,
2018-08-01,475,874,2.2935,3876.89,894.11,762.17,421.5,949.0,43.33,31.03,20.32,225.4,110.3,1.31,203.86398,115.1,34.03225806,24.41935484,0,11.41935484,7.64516129,50.93548387,21.06451613,32.61290323,32.61290323,29.58064516,8.064516129,27.40322581,62.80645161,0.266129032,1009.387097,29.58064516,9.790322581,173.1129032,6.419354839,
2018-09-01,392,796,2.193,3829.73,933.77,836.25,405.88,924.0,49.67,30.75,20.74,378.3,101.5,1.23,177.89685,276.8,33.13333333,24.0,0,10.99333333,7.066666667,50.1,21.73333333,32.2,32.2,28.96666667,7.466666667,40.1,67.21666667,0.54,1010.05,28.91666667,9.75,154.2166667,5.883333333,
2018-10-01,319,656,2.2021,3658.97,938.29,859.8,391.4,910.0,45.52,31.67,21.74,296.0,95.4,0.98,170.00668,200.6,32.67741935,23.96774194,0,10.90322581,6.709677419,50.25806452,22.87096774,32.61290323,32.61290323,28.64516129,6.080645161,41.03225806,73.20967742,0.94516129,1010.467742,28.64516129,9.419354839,173.6129032,4.677419355,
2018-11-01,354,684,2.1967,3736.3,914.09,849.78,412.37,889.0,49.81,29.74,20.6,335.4,90.1,1.34,154.92254,245.3,32.4,23.93333333,0,10.62,6.8,50.0,23.28333333,32.56666667,32.56666667,28.5,6.083333333,42.0,75.0,0.7,1009.983333,28.5,9.566666667,173.2166667,4.583333333,
2018-12-01,388,704,2.2085,3773.36,900.93,848.78,413.93,937.0,47.69,29.58,20.38,280.8,103.7,1.81,182.99425,177.1,32.41935484,23.64516129,0,10.6516129,6.612903226,49.61290323,22.96774194,32.27419355,32.27419355,28.30645161,5.725806452,38.12903226,75.12903226,0.624193548,1010.129032,28.29032258,9.612903226,178.1612903,4.290322581,
2019-01-01,381,690,2.1984,3852.53,910.08,888.15,399.53,1074.0,51.14,31.0,21.12,117.6,110.0,1.53,214.63494,7.6,33.35483871,23.38709677,0,10.92258065,6.967741935,49.09677419,21.79032258,31.96774194,31.96774194,28.64516129,8.5,35.91935484,69.41935484,0.087096774,1011.387097,28.64516129,9.887096774,104.1129032,6.080645161,
2019-02-01,370,703,2.2007,3709.49,909.13,924.94,387.31,1114.0,52.3,31.87,20.99,205.5,136.6,1.31,241.69837,68.9,34.21428571,23.35714286,0,10.9,7.107142857,51.0,21.91071429,32.76785714,32.76785714,29.23214286,7.517857143,34.19642857,68.46428571,0.235714286,1011.5298381250002,29.23214286,9.857142857,84.39285714,5.089285714,
2019-03-01,354,703,2.2211,3299.71,862.49,765.61,374.67,1284.0,50.99,32.08,21.49,296.4,121.4,1.08,217.32368,175.0,34.87096774,24.19354839,0,11.32903226,7.225806452,49.19354839,22.16129032,33.61290323,33.61290323,29.90322581,6.806451613,32.19354839,67.14516129,0.577419355,1010.854839,29.90322581,9.532258065,143.0645161,4.532258065,
2019-04-01,348,654,2.2255,3553.8,876.07,676.08,369.79,1441.0,54.91,31.82,21.19,133.4,125.9,1.37,220.01242,7.5,34.6,24.9,0,11.08666667,7.3,49.63333333,23.45,34.67641129,34.65451195,30.0,6.3,37.28333333,70.75,0.761666667,1009.45,30.0,9.516666667,154.2666667,4.183333333,
2019-05-01,332,591,2.1992,3488.13,946.76,687.63,357.94,1454.0,55.84,31.35,20.5,259.6,117.6,1.39,217.52373,142.0,34.16129032,24.77419355,0,11.41935484,7.516129032,48.51612903,22.87096774,34.0483871,34.0483871,29.82258065,8.451612903,30.08064516,68.90322581,0.517741935,1009.548387,29.82258065,9.629032258,226.6774194,6.096774194,
2019-06-01,349,552,2.1542,3443.88,1012.94,733.28,363.49,1492.0,59.89,31.26,20.44,186.3,126.9,1.6,228.16665,59.4,32.53333333,23.8,0,10.95333333,6.666666667,49.43333333,23.31666667,32.78333333,32.78333333,28.45,8.016666667,38.6,75.11666667,0.423333333,1009.116667,28.45,9.5,156.3833333,5.433333333,
2019-07-01,372,550,2.1569,3404.1,1032.57,789.81,366.24,1704.74,63.02,31.15,20.41,270.1,130.4,1.73,234.33635,139.7,32.32258065,23.41935484,0,11.1483871,6.903225806,47.96774194,22.67741935,32.06451613,32.06451613,28.22580645,7.838709677,30.17741935,73.69354839,0.127419355,1009.629032,28.22580645,9.85483871,145.2096774,5.564516129,
2019-08-01,324,481,2.156,3243.64,1149.51,793.66,337.97,1636.96,58.65,31.53,20.43,244.9,114.0,1.4,208.6653,130.9,32.70967742,23.61290323,0,11.46451613,7.032258065,47.74193548,22.33870968,32.16129032,32.16129032,28.53225806,9.0,27.14516129,71.03225806,0.090322581,1009.596774,28.53225806,9.838709677,154.7741935,6.322580645,
2019-09-01,315,437,2.1705,2970.88,1242.32,783.14,330.17,1634.05,61.73,30.5,20.7,382.1,112.9,1.35,202.79169,269.2,33.26666667,23.4,0,11.22666667,7.133333333,49.46666667,21.86666667,32.16666667,32.16666667,28.7,8.883333333,27.81666667,69.13333333,0.131666667,1010.066667,28.7,9.816666667,124.6333333,5.95,
2019-10-01,312,400,2.1901,2669.99,1382.99,771.62,339.3,1644.09,59.81,31.47,21.44,340.6,98.7,1.14,176.32842,241.9,32.41935484,23.09677419,0,10.84516129,6.516129032,48.4516129,22.70967742,31.85483871,31.85483871,28.0483871,5.790322581,42.29032258,74.93548387,0.264516129,1008.983871,28.0483871,9.5,146.6290323,4.016129032,
2019-11-01,306,371,2.1772,2666.9,1440.75,754.36,328.92,1699.32,59.42,29.79,20.41,425.0,96.0,1.44,168.66231,329.0,32.1,23.43333333,0,10.55333333,6.466666667,49.56666667,22.75,31.75,31.8,28.03333333,6.3,42.68333333,74.73333333,0.635,1009.766667,28.03333333,9.216666667,141.9333333,4.383333333,
2019-12-01,288,332,2.1802,2567.81,1403.14,760.59,312.49,1672.38,57.61,29.13375,20.03,337.2,105.0,1.72,192.13276,232.2,31.32258065,22.5483871,0,10.60645161,6.451612903,49.06451613,22.5483871,30.72580645,30.72580645,27.19354839,7.064516129,42.82258065,78.08064516,0.185483871,1010.451613,27.19354839,8.596774194,78.0483871,4.838709677,
2020-01-01,255,340,2.1789,2598.36,1411.8,754.58,314.02,1671.3,58.94,29.8,20.67,199.7,106.3,1.48,213.42661,93.4,32.58064516,23.67741935,0,9.883870968,6.677419355,49.5483871,21.67741935,31.24193548,31.24193548,28.20967742,6.080645161,48.35483871,70.79032258,0.679032258,1011.5298381250002,28.20967742,9.548387097,98.11290323,4.306451613,
2020-02-01,257,367,2.2247,2552.18,1447.42,769.61,316.78,1591.59,61.35,31.53,20.48,182.1,140.0,1.33,252.54135,42.1,33.55172414,23.34482759,0,10.10344828,6.862068966,50.10344828,21.13793103,31.55172414,31.55172414,28.48275862,8.172413793,42.34482759,67.5,0.220689655,1011.5298381250002,28.48275862,9.775862069,79.29310345,5.568965517,
2020-03-01,265,329,2.2825,2601.72,1406.76,806.79,320.57,1483.81,67.44,31.49,20.8,250.3,124.5,1.06,227.78255,125.8,34.12903226,24.29032258,0,9.793548387,7.129032258,49.83870968,22.25806452,33.14516129,33.14516129,29.4516129,5.64516129,48.58064516,68.59677419,0.403225806,1010.983871,29.4516129,9.548387097,126.4032258,3.935483871,
2020-04-01,254,319,2.1889,2624.08,1401.82,815.71,304.81,1502.5,66.94,31.32,21.05,266.9,111.4,1.26,191.63662,155.5,32.76666667,24.6,0,9.55870966625,6.633333333,50.03333333,22.95,32.91666667,32.91666667,28.81666667,4.866666667,57.967943536250004,72.41666667,1.142540322,1011.05,28.81666667,9.2,125.45,3.2,
2020-05-01,240,285,2.1448,2552.27,1392.95,811.08,303.78,1439.77,65.6,31.45,20.35,164.1,111.1,1.49,199.85488,53.0,31.90322581,24.90322581,0,9.55870966625,6.580645161,50.4516129,23.27419355,32.59677419,32.59677419,28.53225806,6.5,57.967943536250004,74.82258065,1.142540322,1009.822581,28.53225806,8.935483871,160.983871,4.483870968,
2020-06-01,254,289,2.1433,2565.32,1350.5,780.64,327.63,1451.82,73.53,31.36,20.44,128.7,106.4,1.16,184.30661,22.3,31.06666667,24.5,0,9.55870966625,6.466666667,50.26666667,22.51666667,31.35,31.35,27.88333333,8.266666667,57.967943536250004,73.43333333,1.142540322,1009.833333,27.88333333,9.35,150.85,5.55,
2020-07-01,251,293,2.1513,2597.95,1309.99,744.85,326.01,1485.0,76.15,31.34,20.25,141.6,114.4,1.48,196.58998,27.2,31.03225806,24.06451613,0,9.55870966625,6.322580645,51.06451613,22.37096774,31.08064516,31.08064516,27.69354839,6.806451613,57.967943536250004,73.62903226,1.003225806,1009.290323,27.69354839,9.258064516,156.6451613,4.661290323,
2020-08-01,234,295,2.122,2581.68,1270.51,727.53,295.17,1500.68,70.59,31.32,20.33,202.6,106.6,1.17,193.51714,96.0,32.19354839,24.51612903,0,9.55870966625,6.451612903,51.61290323,21.87096774,31.72580645,31.72580645,28.48387097,7.5,56.79032258,68.58064516,0.567741935,1009.532258,28.48387097,9.483870968,140.0967742,5.274193548,
2020-09-01,255,317,2.1321,2536.49,1273.54,727.53,286.89,1551.9,66.9,30.76,20.3,366.1,99.3,1.22,169.84664,266.8,30.83333333,24.03333333,0,9.55870966625,6.366666667,50.6,21.91666667,30.56666667,30.6,27.5,7.866666667,57.967943536250004,71.98333333,0.773333333,1010.383333,27.5,9.35,167.0833333,5.533333333,
2020-10-01,330,358,2.1652,2559.12,1244.66,723.02,421.36,1522.17,68.28,31.06,21.64,395.7,84.1,0.89,146.47222,311.6,31.5483871,24.5483871,0,9.55870966625,6.548387097,52.22580645,21.64516129,30.98387097,30.98387097,28.0,6.693548387,53.29032258,69.88709677,0.440322581,1009.596774,28.0,9.677419355,198.0,4.870967742,
2020-11-01,362,363,2.2025,2626.91,1252.78,738.07,427.49,1430.48,60.18,29.78,20.16,141.8,103.6,1.35,186.68326,38.2,30.33333333,24.2,0,9.55870966625,6.066666667,50.76666667,22.81666667,30.68333333,30.68333333,27.21666667,5.583333333,57.967943536250004,77.95,1.142540322,1010.45,27.21666667,8.466666667,182.9333333,3.716666667,
2020-12-01,310,322,2.2225,2736.64,1287.68,749.57,385.09,1472.27,62.25,29.62,19.74,149.0,115.3,1.58,210.72987,33.7,30.32258065,23.70967742,0,9.55870966625,6.225806452,51.93548387,22.29032258,30.27419355,30.27419355,27.12903226,5.467741935,57.967943536250004,76.17741935,1.142540322,1010.225806,27.12903226,9.0,154.8064516,3.677419355,
2021-01-01,277,307,2.2629,2842.81,1289.12,761.6,373.03,1525.43,63.04,31.41,19.68,91.4,123.2,1.53,244.41912,4.6,30.29032258,22.83870968,0,9.55870966625,6.35483871,51.48387097,21.27419355,29.63931451,29.06451613,26.38709677,7.032258065,57.40322581,74.77419355,0.593548387,1010.66129,26.38709677,9.580645161,91.5,4.774193548,29.675813410000004
2021-02-01,323,330,2.2817,2936.19,1303.59,759.59,390.69,1572.25,71.52,31.93,20.63,137.7,129.5,1.46,223.31732,6.9,33.28571429,22.78571429,0,10.3,6.678571429,48.32142857,20.75,31.26785714,31.26785714,28.44642857,6.75,39.07142857,66.91071429,0.528571429,1011.321429,28.44642857,9.678571429,110.0892857,4.625,
2021-03-01,360,339,2.3159,2847.84,1234.88,771.62,396.87,1302.61,74.8,31.79,20.99,188.3,125.1,0.99,228.56676,41.5,33.0,23.0,0,9.55870966625,6.0,53.20080644500001,21.5,31.5,31.5,28.0,7.0,57.967943536250004,69.0,0.15,1011.5,28.0,9.5,120.0,4.5,
