DATE,DCOILWTICO
1/3/00,
1/4/00,25.56
1/5/00,24.65
1/6/00,24.79
1/7/00,24.79
1/10/00,24.71
1/11/00,25.69
1/12/00,26.3
1/13/00,26.63
1/14/00,28.01
1/17/00,
1/18/00,28.98
1/19/00,29.11
1/20/00,29.67
1/21/00,29.71
1/24/00,29.25
1/25/00,30.28
1/26/00,27.66
1/27/00,27.22
1/28/00,27.27
1/31/00,27.65
2/1/00,28.28
2/2/00,27.52
2/3/00,28.26
2/4/00,28.67
2/7/00,28.4
2/8/00,28.05
2/9/00,28.71
2/10/00,29.49
2/11/00,29.51
2/14/00,30.3
2/15/00,30.17
2/16/00,30.01
2/17/00,29.37
2/18/00,29.51
2/21/00,
2/22/00,29.63
2/23/00,30.19
2/24/00,30.23
2/25/00,30.34
2/28/00,30.11
2/29/00,30.57
3/1/00,31.71
3/2/00,31.51
3/3/00,31.46
3/6/00,32.19
3/7/00,33.9
3/8/00,31.22
3/9/00,31.61
3/10/00,31.76
3/13/00,32.11
3/14/00,31.93
3/15/00,30.47
3/16/00,31.1
3/17/00,30.86
3/20/00,29.33
3/21/00,28.01
3/22/00,27.28
3/23/00,27.47
3/24/00,27.86
3/27/00,27.59
3/28/00,27.1
3/29/00,26.36
3/30/00,26.67
3/31/00,26.86
4/3/00,26.28
4/4/00,25.46
4/5/00,25.76
4/6/00,25.51
4/7/00,24.97
4/10/00,23.91
4/11/00,24.17
4/12/00,25.49
4/13/00,25.29
4/14/00,25.48
4/17/00,26.06
4/18/00,25.92
4/19/00,27.38
4/20/00,27.29
4/21/00,
4/24/00,27.41
4/25/00,26.41
4/26/00,24.69
4/27/00,25.53
4/28/00,25.71
5/1/00,25.84
5/2/00,26.86
5/3/00,26.6
5/4/00,27.08
5/5/00,27.37
5/8/00,28.05
5/9/00,28.46
5/10/00,28.1
5/11/00,29.25
5/12/00,29.64
5/15/00,29.95
5/16/00,29.76
5/17/00,29.38
5/18/00,30.28
5/19/00,30.02
5/22/00,28.62
5/23/00,28.61
5/24/00,29.89
5/25/00,30.43
5/26/00,29.76
5/29/00,
5/30/00,30.36
5/31/00,29.03
6/1/00,30.19
6/2/00,30.34
6/5/00,29.87
6/6/00,29.78
6/7/00,29.29
6/8/00,29.78
6/9/00,30.22
6/12/00,31.76
6/13/00,32.73
6/14/00,32.72
6/15/00,32.7
6/16/00,32.35
6/19/00,31.57
6/20/00,33.07
6/21/00,33.64
6/22/00,34.72
6/23/00,34.76
6/26/00,31.56
6/27/00,32.01
6/28/00,31.86
6/29/00,32.73
6/30/00,32.44
7/3/00,
7/4/00,
7/5/00,30.76
7/6/00,30.19
7/7/00,30.26
7/10/00,29.51
7/11/00,29.61
7/12/00,30.34
7/13/00,31.41
7/14/00,31.31
7/17/00,30.71
7/18/00,31.94
7/19/00,31.1
7/20/00,30.94
7/21/00,28.56
7/24/00,27.97
7/25/00,27.89
7/26/00,27.81
7/27/00,28.21
7/28/00,28.22
7/31/00,27.5
8/1/00,27.85
8/2/00,28.27
8/3/00,28.92
8/4/00,29.94
8/7/00,28.93
8/8/00,29.26
8/9/00,30.38
8/10/00,31.09
8/11/00,31.02
8/14/00,31.92
8/15/00,31.43
8/16/00,31.91
8/17/00,31.88
8/18/00,31.97
8/21/00,32.42
8/22/00,31.24
8/23/00,31.23
8/24/00,33.41
8/25/00,34.01
8/28/00,32.92
8/29/00,32.73
8/30/00,33.25
8/31/00,33.09
9/1/00,33.42
9/4/00,
9/5/00,33.92
9/6/00,34.97
9/7/00,35.18
9/8/00,33.62
9/11/00,35.14
9/12/00,34.25
9/13/00,33.87
9/14/00,34.37
9/15/00,35.87
9/18/00,36.75
9/19/00,36.96
9/20/00,37.22
9/21/00,33.84
9/22/00,32.66
9/25/00,31.5
9/26/00,31.78
9/27/00,31.23
9/28/00,30.26
9/29/00,30.87
10/2/00,32.05
10/3/00,31.86
10/4/00,30.91
10/5/00,30.66
10/6/00,30.86
10/9/00,31.98
10/10/00,33.29
10/11/00,33.2
10/12/00,36.06
10/13/00,34.96
10/16/00,33.18
10/17/00,33.36
10/18/00,33.51
10/19/00,33.06
10/20/00,34.31
10/23/00,34.9
10/24/00,34.53
10/25/00,33.62
10/26/00,33.75
10/27/00,32.78
10/30/00,32.86
10/31/00,32.7
11/1/00,33.14
11/2/00,32.59
11/3/00,32.62
11/6/00,33.02
11/7/00,33.44
11/8/00,32.92
11/9/00,33.87
11/10/00,34.05
11/13/00,34.3
11/14/00,34.72
11/15/00,35.54
11/16/00,34.84
11/17/00,35.62
11/20/00,35.98
11/21/00,35.54
11/22/00,36.06
11/23/00,
11/24/00,36.06
11/27/00,36.24
11/28/00,34.02
11/29/00,34.58
11/30/00,33.61
12/1/00,32.06
12/4/00,31.28
12/5/00,29.25
12/6/00,30.24
12/7/00,29.36
12/8/00,28.31
12/11/00,29.75
12/12/00,29.81
12/13/00,28.75
12/14/00,28.06
12/15/00,28.86
12/18/00,29.52
12/19/00,29.34
12/20/00,25.83
12/21/00,26.06
12/22/00,26.16
12/25/00,
12/26/00,27
12/27/00,26.55
12/28/00,25.82
12/29/00,26.72
1/1/01,
1/2/01,27.29
1/3/01,27.93
1/4/01,27.95
1/5/01,28.02
1/8/01,27.44
1/9/01,27.72
1/10/01,29.42
1/11/01,29.42
1/12/01,30.07
1/15/01,
1/16/01,30.19
1/17/01,29.77
1/18/01,30.42
1/19/01,32.12
1/22/01,32.21
1/23/01,31.66
1/24/01,31.46
1/25/01,31.61
1/26/01,29.79
1/29/01,29.07
1/30/01,29.12
1/31/01,28.62
2/1/01,29.88
2/2/01,31.27
2/5/01,30.55
2/6/01,30.27
2/7/01,31.27
2/8/01,31.57
2/9/01,30.93
2/12/01,30.52
2/13/01,30.12
2/14/01,29.55
2/15/01,28.96
2/16/01,29.22
2/19/01,
2/20/01,28.6
2/21/01,28.64
2/22/01,28.52
2/23/01,28.83
2/26/01,28.27
2/27/01,28.26
2/28/01,27.35
3/1/01,27.78
3/2/01,27.89
3/5/01,28.61
3/6/01,28.4
3/7/01,28.95
3/8/01,28.31
3/9/01,27.97
3/12/01,27.91
3/13/01,27.45
3/14/01,26.49
3/15/01,26.56
3/16/01,26.68
3/19/01,26.17
3/20/01,25.99
3/21/01,26.43
3/22/01,26.19
3/23/01,27.31
3/26/01,27.4
3/27/01,27.62
3/28/01,26.43
3/29/01,26.47
3/30/01,26.37
4/2/01,25.7
4/3/01,26.65
4/4/01,27.16
4/5/01,27.24
4/6/01,27.07
4/9/01,27.45
4/10/01,28.47
4/11/01,28.42
4/12/01,28.75
4/13/01,
4/16/01,28.81
4/17/01,27.89
4/18/01,27.83
4/19/01,27.92
4/20/01,27
4/23/01,26.97
4/24/01,25.24
4/25/01,25.93
4/26/01,28.47
4/27/01,28.35
4/30/01,28.48
5/1/01,28.37
5/2/01,27.89
5/3/01,28.66
5/4/01,28.41
5/7/01,27.79
5/8/01,27.35
5/9/01,28.39
5/10/01,28.5
5/11/01,28.59
5/14/01,28.83
5/15/01,28.9
5/16/01,28.77
5/17/01,29.02
5/18/01,29.9
5/21/01,29.96
5/22/01,29.75
5/23/01,28.85
5/24/01,27.97
5/25/01,28.08
5/28/01,
5/29/01,28.76
5/30/01,28.71
5/31/01,28.39
6/1/01,27.88
6/4/01,28.14
6/5/01,27.84
6/6/01,27.56
6/7/01,27.91
6/8/01,28.43
6/11/01,28.94
6/12/01,29.13
6/13/01,28.81
6/14/01,29.12
6/15/01,28.52
6/18/01,27.55
6/19/01,27.49
6/20/01,26.52
6/21/01,26.85
6/22/01,27.02
6/25/01,27.11
6/26/01,26.97
6/27/01,25.67
6/28/01,25.75
6/29/01,26.37
7/2/01,26.02
7/3/01,26.28
7/4/01,
7/5/01,27.07
7/6/01,28.1
7/9/01,27.63
7/10/01,27.22
7/11/01,27.07
7/12/01,26.85
7/13/01,26.57
7/16/01,26.02
7/17/01,25.33
7/18/01,24.65
7/19/01,24.65
7/20/01,25.67
7/23/01,25.88
7/24/01,26.18
7/25/01,26.71
7/26/01,26.74
7/27/01,26.98
7/30/01,26.6
7/31/01,26.7
8/1/01,26.83
8/2/01,27.86
8/3/01,27.51
8/6/01,27.7
8/7/01,28.17
8/8/01,27.62
8/9/01,27.72
8/10/01,28.12
8/13/01,27.85
8/14/01,28.1
8/15/01,27.51
8/16/01,27.47
8/17/01,26.65
8/20/01,27.2
8/21/01,27.93
8/22/01,27.17
8/23/01,25.63
8/24/01,28.34
8/27/01,26.69
8/28/01,27.16
8/29/01,27.07
8/30/01,26.65
8/31/01,26.65
9/3/01,
9/4/01,26.94
9/5/01,27.03
9/6/01,27.54
9/7/01,27.99
9/10/01,27.66
9/11/01,27.65
9/12/01,27.64
9/13/01,28.58
9/14/01,29.59
9/17/01,28.84
9/18/01,27.81
9/19/01,26.73
9/20/01,26.6
9/21/01,25.46
9/24/01,21.46
9/25/01,21.63
9/26/01,22.4
9/27/01,22.8
9/28/01,23.44
10/1/01,23.12
10/2/01,22.7
10/3/01,22.17
10/4/01,22.7
10/5/01,22.32
10/8/01,22.25
10/9/01,22.55
10/10/01,22.51
10/11/01,23.49
10/12/01,22.49
10/15/01,22.37
10/16/01,22.01
10/17/01,21.89
10/18/01,21.33
10/19/01,21.99
10/22/01,21.78
10/23/01,21.28
10/24/01,22
10/25/01,21.75
10/26/01,22.07
10/29/01,22.1
10/30/01,21.83
10/31/01,21.2
11/1/01,20.47
11/2/01,20.24
11/5/01,20
11/6/01,19.93
11/7/01,20.11
11/8/01,21.21
11/9/01,22.23
11/12/01,21.26
11/13/01,21.56
11/14/01,19.63
11/15/01,17.5
11/16/01,18.09
11/19/01,17.74
11/20/01,18.71
11/21/01,18.38
11/22/01,
11/23/01,
11/26/01,18.69
11/27/01,19.57
11/28/01,19.37
11/29/01,18.55
11/30/01,19.46
12/3/01,20.27
12/4/01,19.71
12/5/01,19.62
12/6/01,18.69
12/7/01,19.08
12/10/01,18.32
12/11/01,18.04
12/12/01,18.38
12/13/01,18.2
12/14/01,19.31
12/17/01,19.28
12/18/01,19.38
12/19/01,19.37
12/20/01,18.67
12/21/01,19.3
12/24/01,
12/25/01,
12/26/01,21.32
12/27/01,21.07
12/28/01,20.42
12/31/01,19.96
1/1/02,
1/2/02,21.13
1/3/02,20.65
1/4/02,21.47
1/7/02,21.42
1/8/02,20.82
1/9/02,20.32
1/10/02,20.48
1/11/02,19.67
1/14/02,18.88
1/15/02,18.99
1/16/02,18.96
1/17/02,18.2
1/18/02,18.02
1/21/02,
1/22/02,18.36
1/23/02,19.1
1/24/02,19.57
1/25/02,19.8
1/28/02,20.05
1/29/02,19.3
1/30/02,19.11
1/31/02,19.71
2/1/02,20.4
2/4/02,20.02
2/5/02,20.06
2/6/02,19.77
2/7/02,19.75
2/8/02,20.25
2/11/02,21.29
2/12/02,20.76
2/13/02,21.19
2/14/02,21.19
2/15/02,21.47
2/18/02,
2/19/02,20.77
2/20/02,20.31
2/21/02,20.81
2/22/02,20.92
2/25/02,20.24
2/26/02,21.37
2/27/02,21.4
2/28/02,21.78
3/1/02,22.37
3/4/02,22.55
3/5/02,23.18
3/6/02,23.32
3/7/02,23.62
3/8/02,23.87
3/11/02,24.36
3/12/02,24.55
3/13/02,24.14
3/14/02,24.48
3/15/02,24.47
3/18/02,25.03
3/19/02,25.02
3/20/02,24.92
3/21/02,25.74
3/22/02,25.56
3/25/02,25.69
3/26/02,25.75
3/27/02,25.79
3/28/02,26.21
3/29/02,
4/1/02,26.82
4/2/02,27.75
4/3/02,27.55
4/4/02,26.64
4/5/02,26.21
4/8/02,26.16
4/9/02,25.45
4/10/02,26.15
4/11/02,24.93
4/12/02,23.51
4/15/02,24.53
4/16/02,24.92
4/17/02,25.94
4/18/02,25.86
4/19/02,26.43
4/22/02,26.28
4/23/02,26.28
4/24/02,26.28
4/25/02,26.36
4/26/02,27.12
4/29/02,27.45
4/30/02,27.32
5/1/02,26.58
5/2/02,26.31
5/3/02,26.75
5/6/02,26.11
5/7/02,26.79
5/8/02,27.76
5/9/02,27.78
5/10/02,27.92
5/13/02,28.62
5/14/02,29.17
5/15/02,28.17
5/16/02,28
5/17/02,28.19
5/20/02,28.24
5/21/02,27.35
5/22/02,27.01
5/23/02,26.6
5/24/02,26.69
5/27/02,
5/28/02,25.08
5/29/02,25.64
5/30/02,24.78
5/31/02,25.37
6/3/02,25.1
6/4/02,25.32
6/5/02,25.02
6/6/02,24.89
6/7/02,24.72
6/10/02,24.24
6/11/02,24.21
6/12/02,24.79
6/13/02,25.54
6/14/02,25.9
6/17/02,25.98
6/18/02,25.36
6/19/02,25.57
6/20/02,25.62
6/21/02,25.51
6/24/02,26.31
6/25/02,26.06
6/26/02,26.67
6/27/02,26.77
6/28/02,26.79
7/1/02,26.79
7/2/02,26.83
7/3/02,26.82
7/4/02,
7/5/02,
7/8/02,26.14
7/9/02,26.16
7/10/02,26.73
7/11/02,27.01
7/12/02,27.48
7/15/02,27.23
7/16/02,27.68
7/17/02,27.88
7/18/02,27.5
7/19/02,27.83
7/22/02,26.61
7/23/02,26.61
7/24/02,26.78
7/25/02,26.67
7/26/02,26.55
7/29/02,26.54
7/30/02,27.43
7/31/02,27.02
8/1/02,26.51
8/2/02,26.87
8/5/02,26.55
8/6/02,27.18
8/7/02,26.58
8/8/02,26.67
8/9/02,26.87
8/12/02,27.84
8/13/02,28.35
8/14/02,28.19
8/15/02,28.99
8/16/02,29.24
8/19/02,29.86
8/20/02,30.12
8/21/02,30.37
8/22/02,30.11
8/23/02,29.99
8/26/02,29.23
8/27/02,28.84
8/28/02,28.31
8/29/02,28.83
8/30/02,28.97
9/2/02,
9/3/02,27.76
9/4/02,28.28
9/5/02,29.06
9/6/02,29.51
9/9/02,29.8
9/10/02,29.62
9/11/02,29.77
9/12/02,28.95
9/13/02,29.83
9/16/02,29.14
9/17/02,29.08
9/18/02,29.57
9/19/02,29.49
9/20/02,29.65
9/23/02,30.85
9/24/02,30.79
9/25/02,30.69
9/26/02,30.31
9/27/02,30.53
9/30/02,30.59
10/1/02,30.71
10/2/02,30.59
10/3/02,29.73
10/4/02,29.65
10/7/02,29.65
10/8/02,29.56
10/9/02,29.31
10/10/02,28.96
10/11/02,29.36
10/14/02,30.06
10/15/02,29.73
10/16/02,29.28
10/17/02,29.61
10/18/02,29.56
10/21/02,28.31
10/22/02,27.93
10/23/02,28.19
10/24/02,27.87
10/25/02,27.09
10/28/02,27.25
10/29/02,26.81
10/30/02,26.85
10/31/02,27.18
11/1/02,27.04
11/4/02,26.89
11/5/02,26.06
11/6/02,25.72
11/7/02,25.36
11/8/02,25.83
11/11/02,26.02
11/12/02,26.19
11/13/02,25.28
11/14/02,25.4
11/15/02,25.5
11/18/02,26.71
11/19/02,26.41
11/20/02,27
11/21/02,27.07
11/22/02,27.73
11/25/02,27.01
11/26/02,26.6
11/27/02,26.87
11/28/02,
11/29/02,
12/2/02,27.27
12/3/02,27.34
12/4/02,26.8
12/5/02,27.27
12/6/02,27.03
12/9/02,27.29
12/10/02,27.73
12/11/02,27.49
12/12/02,28.2
12/13/02,28.39
12/16/02,30.15
12/17/02,30.04
12/18/02,30.41
12/19/02,30.57
12/20/02,30.57
12/23/02,32.09
12/24/02,32.13
12/25/02,
12/26/02,32.61
12/27/02,32.68
12/30/02,31.41
12/31/02,31.21
1/1/03,
1/2/03,31.97
1/3/03,33.26
1/6/03,32.29
1/7/03,31.2
1/8/03,30.66
1/9/03,31.95
1/10/03,31.59
1/13/03,32.08
1/14/03,32.42
1/15/03,33.23
1/16/03,33.58
1/17/03,33.88
1/20/03,
1/21/03,34.62
1/22/03,34.32
1/23/03,33.9
1/24/03,34.98
1/27/03,32.43
1/28/03,32.7
1/29/03,33.54
1/30/03,33.78
1/31/03,33.51
2/3/03,32.84
2/4/03,33.61
2/5/03,33.91
2/6/03,34.36
2/7/03,35.05
2/10/03,34.46
2/11/03,35.43
2/12/03,35.83
2/13/03,36.63
2/14/03,36.61
2/17/03,
2/18/03,36.88
2/19/03,37.02
2/20/03,36.45
2/21/03,36.76
2/24/03,37.29
2/25/03,36.06
2/26/03,37.96
2/27/03,36.83
2/28/03,36.76
3/3/03,36.1
3/4/03,36.95
3/5/03,36.86
3/6/03,37.21
3/7/03,37.76
3/10/03,37.18
3/11/03,36.81
3/12/03,37.87
3/13/03,36.05
3/14/03,35.41
3/17/03,34.92
3/18/03,31.55
3/19/03,30.01
3/20/03,28.62
3/21/03,27.18
3/24/03,29.51
3/25/03,33.42
3/26/03,28.71
3/27/03,30.31
3/28/03,30.21
3/31/03,31.14
4/1/03,29.48
4/2/03,28.55
4/3/03,29.05
4/4/03,28.41
4/7/03,27.76
4/8/03,27.97
4/9/03,28.93
4/10/03,27.2
4/11/03,28.28
4/14/03,28.41
4/15/03,29.46
4/16/03,29.16
4/17/03,30.1
4/18/03,
4/21/03,30.76
4/22/03,29.92
4/23/03,28.04
4/24/03,27.52
4/25/03,25.92
4/28/03,25.25
4/29/03,25.32
4/30/03,26.09
5/1/03,26.05
5/2/03,25.74
5/5/03,26.43
5/6/03,25.65
5/7/03,26.24
5/8/03,26.94
5/9/03,27.65
5/12/03,27.34
5/13/03,28.51
5/14/03,29.21
5/15/03,28.57
5/16/03,29.07
5/19/03,28.84
5/20/03,29.29
5/21/03,29.51
5/22/03,29.09
5/23/03,29.74
5/26/03,
5/27/03,29.24
5/28/03,28.46
5/29/03,29.15
5/30/03,29.56
6/2/03,30.72
6/3/03,30.78
6/4/03,29.81
6/5/03,30.84
6/6/03,31.26
6/9/03,31.36
6/10/03,31.72
6/11/03,32.17
6/12/03,31.41
6/13/03,30.63
6/16/03,31.14
6/17/03,31.08
6/18/03,30.28
6/19/03,29.86
6/20/03,30.63
6/23/03,30.22
6/24/03,30.05
6/25/03,31.65
6/26/03,28.97
6/27/03,29.18
6/30/03,30.15
7/1/03,30.41
7/2/03,30.29
7/3/03,30.39
7/4/03,
7/7/03,30.08
7/8/03,30.32
7/9/03,30.87
7/10/03,31.04
7/11/03,31.33
7/14/03,31.2
7/15/03,31.6
7/16/03,31.2
7/17/03,31.44
7/18/03,31.96
7/21/03,31.67
7/22/03,30.2
7/23/03,30.13
7/24/03,30.72
7/25/03,30.31
7/28/03,29.98
7/29/03,30.21
7/30/03,30.69
7/31/03,30.56
8/1/03,32.23
8/4/03,31.8
8/5/03,32.34
8/6/03,31.77
8/7/03,32.41
8/8/03,32.23
8/11/03,31.91
8/12/03,31.91
8/13/03,30.85
8/14/03,30.85
8/15/03,31.01
8/18/03,30.81
8/19/03,30.76
8/20/03,30.96
8/21/03,31.78
8/22/03,31.64
8/25/03,31.43
8/26/03,32.01
8/27/03,31.18
8/28/03,31.41
8/29/03,31.76
9/1/03,
9/2/03,29.57
9/3/03,29.43
9/4/03,28.87
9/5/03,28.93
9/8/03,28.85
9/9/03,29.22
9/10/03,29.41
9/11/03,28.86
9/12/03,28.26
9/15/03,28.15
9/16/03,27.6
9/17/03,27
9/18/03,27.26
9/19/03,26.93
9/22/03,26.97
9/23/03,27
9/24/03,28.19
9/25/03,28.29
9/26/03,28.21
9/29/03,28.35
9/30/03,29.19
10/1/03,29.43
10/2/03,29.83
10/3/03,30.37
10/6/03,30.4
10/7/03,30.48
10/8/03,29.6
10/9/03,30.97
10/10/03,32.01
10/13/03,31.91
10/14/03,31.68
10/15/03,31.74
10/16/03,31.51
10/17/03,30.61
10/20/03,30.37
10/21/03,30.19
10/22/03,30
10/23/03,30.31
10/24/03,29.99
10/27/03,29.95
10/28/03,29.57
10/29/03,28.95
10/30/03,28.67
10/31/03,29.24
11/3/03,28.81
11/4/03,28.86
11/5/03,30.29
11/6/03,30.25
11/7/03,30.73
11/10/03,31.01
11/11/03,31.21
11/12/03,31.37
11/13/03,31.89
11/14/03,32.31
11/17/03,31.75
11/18/03,33.16
11/19/03,32.84
11/20/03,32.87
11/21/03,32.26
11/24/03,29.99
11/25/03,30.02
11/26/03,30.33
11/27/03,
11/28/03,
12/1/03,29.89
12/2/03,30.74
12/3/03,30.61
12/4/03,31.24
12/5/03,30.68
12/8/03,32.08
12/9/03,31.72
12/10/03,31.92
12/11/03,32.01
12/12/03,33.06
12/15/03,33.17
12/16/03,32.94
12/17/03,33.36
12/18/03,33.72
12/19/03,32.81
12/22/03,31.71
12/23/03,32.03
12/24/03,32.99
12/25/03,
12/26/03,
12/29/03,32.51
12/30/03,33.01
12/31/03,32.51
1/1/04,
1/2/04,
1/5/04,33.71
1/6/04,33.54
1/7/04,33.57
1/8/04,34.27
1/9/04,34.38
1/12/04,34.92
1/13/04,34.26
1/14/04,34.62
1/15/04,33.61
1/16/04,35.16
1/19/04,
1/20/04,36.21
1/21/04,35.53
1/22/04,35.12
1/23/04,34.94
1/26/04,34.41
1/27/04,33.99
1/28/04,33.63
1/29/04,32.86
1/30/04,33.16
2/2/04,34.02
2/3/04,34.2
2/4/04,33.06
2/5/04,33.26
2/6/04,32.49
2/9/04,32.91
2/10/04,34.03
2/11/04,33.93
2/12/04,34.03
2/13/04,34.51
2/16/04,
2/17/04,35.13
2/18/04,35.42
2/19/04,35.81
2/20/04,35.8
2/23/04,35.75
2/24/04,35.85
2/25/04,37.28
2/26/04,35.45
2/27/04,36.08
3/1/04,36.85
3/2/04,36.6
3/3/04,35.8
3/4/04,36.81
3/5/04,37.31
3/8/04,36.53
3/9/04,36.29
3/10/04,36.21
3/11/04,36.95
3/12/04,36.21
3/15/04,37.44
3/16/04,37.36
3/17/04,38.21
3/18/04,37.81
3/19/04,38.09
3/22/04,37.12
3/23/04,37.81
3/24/04,37.06
3/25/04,35.67
3/26/04,35.61
3/29/04,35.41
3/30/04,36.15
3/31/04,35.75
4/1/04,34.47
4/2/04,34.39
4/5/04,34.29
4/6/04,35.09
4/7/04,36.28
4/8/04,37.14
4/9/04,
4/12/04,37.79
4/13/04,37.09
4/14/04,36.62
4/15/04,37.74
4/16/04,37.7
4/19/04,37.46
4/20/04,37.61
4/21/04,36.61
4/22/04,37.7
4/23/04,37.22
4/26/04,37.02
4/27/04,37.49
4/28/04,37.23
4/29/04,37.5
4/30/04,37.31
5/3/04,38.26
5/4/04,38.86
5/5/04,39.69
5/6/04,39.41
5/7/04,39.98
5/10/04,38.9
5/11/04,40.3
5/12/04,40.3
5/13/04,40.94
5/14/04,41.42
5/17/04,41.53
5/18/04,40.32
5/19/04,41.61
5/20/04,40.92
5/21/04,39.83
5/24/04,42.03
5/25/04,41.45
5/26/04,40.6
5/27/04,39.25
5/28/04,39.9
5/31/04,
6/1/04,42.33
6/2/04,39.96
6/3/04,39.29
6/4/04,38.44
6/7/04,38.72
6/8/04,37.18
6/9/04,37.6
6/10/04,38.45
6/11/04,
6/14/04,37.58
6/15/04,37.18
6/16/04,37.33
6/17/04,38.51
6/18/04,38.68
6/21/04,37.69
6/22/04,38.11
6/23/04,37.56
6/24/04,37.81
6/25/04,37.34
6/28/04,36.25
6/29/04,35.6
6/30/04,36.92
7/1/04,38.56
7/2/04,38.37
7/5/04,
7/6/04,39.56
7/7/04,39.18
7/8/04,40.27
7/9/04,39.9
7/12/04,39.3
7/13/04,39.55
7/14/04,40.98
7/15/04,40.7
7/16/04,41.1
7/19/04,41.55
7/20/04,40.86
7/21/04,40.63
7/22/04,41.51
7/23/04,41.82
7/26/04,41.45
7/27/04,41.83
7/28/04,42.81
7/29/04,42.69
7/30/04,43.72
8/2/04,43.83
8/3/04,44.13
8/4/04,42.73
8/5/04,44.39
8/6/04,43.95
8/9/04,44.86
8/10/04,44.51
8/11/04,44.72
8/12/04,45.52
8/13/04,46.61
8/16/04,46.02
8/17/04,46.75
8/18/04,47.36
8/19/04,48.66
8/20/04,47.6
8/23/04,46
8/24/04,45.68
8/25/04,43.83
8/26/04,43.06
8/27/04,43.11
8/30/04,42.32
8/31/04,42.23
9/1/04,43.89
9/2/04,44.04
9/3/04,43.94
9/6/04,
9/7/04,43.18
9/8/04,42.77
9/9/04,44.53
9/10/04,42.84
9/13/04,43.86
9/14/04,44.62
9/15/04,43.83
9/16/04,44.03
9/17/04,45.63
9/20/04,46.33
9/21/04,47.11
9/22/04,48.41
9/23/04,48.37
9/24/04,48.86
9/27/04,49.56
9/28/04,49.76
9/29/04,49.53
9/30/04,49.56
10/1/04,50.16
10/4/04,49.85
10/5/04,51.08
10/6/04,51.98
10/7/04,52.56
10/8/04,53.4
10/11/04,53.65
10/12/04,53.49
10/13/04,53.86
10/14/04,54.69
10/15/04,54.89
10/18/04,53.59
10/19/04,53.28
10/20/04,54.93
10/21/04,54.51
10/22/04,55.83
10/25/04,55.52
10/26/04,56.37
10/27/04,52.52
10/28/04,50.95
10/29/04,51.78
11/1/04,50.1
11/2/04,49.6
11/3/04,50.9
11/4/04,48.8
11/5/04,49.65
11/8/04,49.1
11/9/04,47.4
11/10/04,48.7
11/11/04,47.5
11/12/04,47.3
11/15/04,46.95
11/16/04,46.1
11/17/04,46.85
11/18/04,46.3
11/19/04,48.9
11/22/04,48.48
11/23/04,48.74
11/24/04,49.14
11/25/04,
11/26/04,
11/29/04,49.71
11/30/04,49.16
12/1/04,45.56
12/2/04,43.31
12/3/04,42.56
12/6/04,42.96
12/7/04,41.51
12/8/04,41.96
12/9/04,42.41
12/10/04,40.71
12/13/04,41.06
12/14/04,41.76
12/15/04,44.21
12/16/04,44.16
12/17/04,46.31
12/20/04,45.57
12/21/04,45.76
12/22/04,44.05
12/23/04,42.19
12/24/04,
12/27/04,41.26
12/28/04,41.78
12/29/04,43.69
12/30/04,43.36
12/31/04,
1/3/05,42.16
1/4/05,43.96
1/5/05,43.41
1/6/05,45.51
1/7/05,45.32
1/10/05,45.31
1/11/05,45.66
1/12/05,46.46
1/13/05,48.11
1/14/05,48.41
1/17/05,
1/18/05,48.46
1/19/05,47.61
1/20/05,47.01
1/21/05,48.31
1/24/05,48.61
1/25/05,49.43
1/26/05,48.8
1/27/05,48.8
1/28/05,47.15
1/31/05,48.25
2/1/05,47.1
2/2/05,46.65
2/3/05,46.4
2/4/05,46.45
2/7/05,45.35
2/8/05,45.4
2/9/05,45.45
2/10/05,47.05
2/11/05,47.15
2/14/05,47.5
2/15/05,47.3
2/16/05,48.35
2/17/05,47.5
2/18/05,48.45
2/21/05,
2/22/05,51
2/23/05,51.73
2/24/05,52.05
2/25/05,52.2
2/28/05,51.75
3/1/05,51.67
3/2/05,53
3/3/05,53.6
3/4/05,53.7
3/7/05,53.9
3/8/05,54.55
3/9/05,54.75
3/10/05,53.52
3/11/05,54.4
3/14/05,54.9
3/15/05,55.05
3/16/05,56.5
3/17/05,56.4
3/18/05,56.8
3/21/05,56.7
3/22/05,55.95
3/23/05,49.43
3/24/05,49.7
3/25/05,
3/28/05,54.06
3/29/05,54.26
3/30/05,53.96
3/31/05,55.31
4/1/05,57.26
4/4/05,56.86
4/5/05,55.83
4/6/05,55.88
4/7/05,54.16
4/8/05,53.46
4/11/05,53.71
4/12/05,51.54
4/13/05,50.21
4/14/05,51.11
4/15/05,50.61
4/18/05,50.52
4/19/05,52.33
4/20/05,52.45
4/21/05,52.49
4/22/05,54.16
4/25/05,53.16
4/26/05,54.33
4/27/05,51.37
4/28/05,51.92
4/29/05,49.2
5/2/05,50.94
5/3/05,49.6
5/4/05,50.22
5/5/05,51.12
5/6/05,51.3
5/9/05,52.04
5/10/05,51.76
5/11/05,50.39
5/12/05,48.83
5/13/05,48.65
5/16/05,48.64
5/17/05,48.97
5/18/05,46.99
5/19/05,47
5/20/05,47.25
5/23/05,48.68
5/24/05,49.14
5/25/05,50.37
5/26/05,50.89
5/27/05,51.65
5/30/05,
5/31/05,52.08
6/1/05,54.4
6/2/05,53.46
6/3/05,55.08
6/6/05,54.46
6/7/05,53.84
6/8/05,52.51
6/9/05,54.36
6/10/05,53.55
6/13/05,55.47
6/14/05,55.03
6/15/05,55.53
6/16/05,56.48
6/17/05,58.4
6/20/05,59.19
6/21/05,58.9
6/22/05,58.27
6/23/05,59.23
6/24/05,59.63
6/27/05,59.78
6/28/05,58.32
6/29/05,57.23
6/30/05,56.63
7/1/05,59.11
7/4/05,
7/5/05,59.71
7/6/05,61.24
7/7/05,60.76
7/8/05,59.71
7/11/05,59.23
7/12/05,60.49
7/13/05,60
7/14/05,57.83
7/15/05,58.36
7/18/05,57.12
7/19/05,57.61
7/20/05,56.73
7/21/05,57.31
7/22/05,57.75
7/25/05,58.16
7/26/05,59.05
7/27/05,59.12
7/28/05,59.91
7/29/05,60.71
8/1/05,61.51
8/2/05,61.87
8/3/05,60.76
8/4/05,61.6
8/5/05,62.44
8/8/05,63.92
8/9/05,63.13
8/10/05,64.8
8/11/05,65.67
8/12/05,66.71
8/15/05,66.21
8/16/05,66.11
8/17/05,63.29
8/18/05,63.47
8/19/05,65.51
8/22/05,65.46
8/23/05,65.81
8/24/05,67.1
8/25/05,67.29
8/26/05,66.05
8/29/05,67.41
8/30/05,69.91
8/31/05,68.63
9/1/05,69.5
9/2/05,66.91
9/5/05,
9/6/05,65.83
9/7/05,64.38
9/8/05,64.8
9/9/05,64.21
9/12/05,63.29
9/13/05,63.18
9/14/05,65.2
9/15/05,64.64
9/16/05,62.91
9/19/05,67.21
9/20/05,66.24
9/21/05,66.96
9/22/05,67.07
9/23/05,64.67
9/26/05,65.98
9/27/05,64.94
9/28/05,66.36
9/29/05,66.83
9/30/05,66.21
10/3/05,65.36
10/4/05,63.74
10/5/05,62.56
10/6/05,61.81
10/7/05,61.81
10/10/05,60.71
10/11/05,63.84
10/12/05,64.13
10/13/05,63.05
10/14/05,62.61
10/17/05,64.26
10/18/05,62.94
10/19/05,62.11
10/20/05,61.04
10/21/05,61.05
10/24/05,60.63
10/25/05,62.83
10/26/05,60.85
10/27/05,61.03
10/28/05,61.3
10/31/05,59.8
11/1/05,59.85
11/2/05,59.75
11/3/05,61.7
11/4/05,60.6
11/7/05,59.4
11/8/05,59.7
11/9/05,59.65
11/10/05,57.8
11/11/05,57.45
11/14/05,57.6
11/15/05,57.05
11/16/05,57.85
11/17/05,56.2
11/18/05,56.3
11/21/05,57.75
11/22/05,58.3
11/23/05,58.35
11/24/05,
11/25/05,
11/28/05,57.36
11/29/05,56.46
11/30/05,57.33
12/1/05,58.46
12/2/05,59.31
12/5/05,59.91
12/6/05,59.96
12/7/05,59.21
12/8/05,60.66
12/9/05,59.41
12/12/05,61.36
12/13/05,61.36
12/14/05,60.86
12/15/05,60.01
12/16/05,58.01
12/19/05,57.31
12/20/05,57.81
12/21/05,58.56
12/22/05,58.08
12/23/05,58.08
12/26/05,
12/27/05,58.16
12/28/05,59.81
12/29/05,60.26
12/30/05,61.06
1/2/06,
1/3/06,63.11
1/4/06,63.41
1/5/06,62.81
1/6/06,64.21
1/9/06,63.56
1/10/06,63.41
1/11/06,63.91
1/12/06,63.96
1/13/06,63.86
1/16/06,
1/17/06,66.36
1/18/06,65.76
1/19/06,66.86
1/20/06,68.16
1/23/06,68.06
1/24/06,66.83
1/25/06,65.6
1/26/06,65.8
1/27/06,67.81
1/30/06,68.36
1/31/06,67.86
2/1/06,66.61
2/2/06,64.71
2/3/06,65.41
2/6/06,65.11
2/7/06,63.01
2/8/06,62.51
2/9/06,62.66
2/10/06,62.01
2/13/06,61.26
2/14/06,59.61
2/15/06,57.61
2/16/06,58.61
2/17/06,59.76
2/20/06,
2/21/06,61.21
2/22/06,59.03
2/23/06,58.03
2/24/06,61.46
2/27/06,61.01
2/28/06,61.37
3/1/06,62.01
3/2/06,63.36
3/3/06,63.61
3/6/06,62.46
3/7/06,61.51
3/8/06,60.06
3/9/06,60.51
3/10/06,59.91
3/13/06,61.81
3/14/06,63.01
3/15/06,62.11
3/16/06,63.46
3/17/06,62.81
3/20/06,60.31
3/21/06,60.41
3/22/06,60.03
3/23/06,62.13
3/24/06,63.9
3/27/06,63.75
3/28/06,65.65
3/29/06,66
3/30/06,66.7
3/31/06,66.25
4/3/06,66.07
4/4/06,65.75
4/5/06,66.76
4/6/06,67.22
4/7/06,67.02
4/10/06,68.29
4/11/06,69.03
4/12/06,68.53
4/13/06,69.53
4/14/06,
4/17/06,70.3
4/18/06,71.28
4/19/06,72.07
4/20/06,71.96
4/21/06,73.73
4/24/06,70.19
4/25/06,67.43
4/26/06,71.71
4/27/06,70.76
4/28/06,71.8
5/1/06,73.75
5/2/06,74.62
5/3/06,72.26
5/4/06,69.98
5/5/06,70.09
5/8/06,69.75
5/9/06,70.71
5/10/06,72.15
5/11/06,73
5/12/06,71.87
5/15/06,69.25
5/16/06,69.4
5/17/06,68.65
5/18/06,69.63
5/19/06,68.44
5/22/06,69.23
5/23/06,70.78
5/24/06,69.47
5/25/06,70.92
5/26/06,71.35
5/29/06,
5/30/06,71.85
5/31/06,71.42
6/1/06,70.11
6/2/06,72.73
6/5/06,72.5
6/6/06,72.43
6/7/06,70.9
6/8/06,70.25
6/9/06,71.62
6/12/06,70.28
6/13/06,68.48
6/14/06,69.12
6/15/06,69.78
6/16/06,69.75
6/19/06,69.21
6/20/06,69.3
6/21/06,70.07
6/22/06,70.62
6/23/06,70.5
6/26/06,71.63
6/27/06,72.05
6/28/06,72.15
6/29/06,73.5
6/30/06,73.94
7/3/06,
7/4/06,
7/5/06,75.2
7/6/06,75
7/7/06,73.76
7/10/06,73.5
7/11/06,74.05
7/12/06,74.99
7/13/06,76.7
7/14/06,76.8
7/17/06,75.7
7/18/06,73.87
7/19/06,72.79
7/20/06,74
7/21/06,73.52
7/24/06,74.29
7/25/06,73.46
7/26/06,73.82
7/27/06,74.5
7/28/06,73.3
7/31/06,74.56
8/1/06,74.93
8/2/06,76.16
8/3/06,75.59
8/4/06,74.78
8/7/06,77.05
8/8/06,76.29
8/9/06,76.28
8/10/06,74.17
8/11/06,74.38
8/14/06,73.33
8/15/06,72.95
8/16/06,71.64
8/17/06,70.12
8/18/06,70.93
8/21/06,72.45
8/22/06,72.55
8/23/06,71.45
8/24/06,72.02
8/25/06,72.13
8/28/06,70.47
8/29/06,69.74
8/30/06,70.2
8/31/06,70.38
9/1/06,69.24
9/4/06,
9/5/06,68.7
9/6/06,67.75
9/7/06,67.37
9/8/06,66.3
9/11/06,65.42
9/12/06,63.81
9/13/06,64.09
9/14/06,63.27
9/15/06,63.3
9/18/06,63.84
9/19/06,61.77
9/20/06,60
9/21/06,61.62
9/22/06,59.79
9/25/06,60.74
9/26/06,60.63
9/27/06,62.96
9/28/06,62.46
9/29/06,62.9
10/2/06,60.96
10/3/06,58.64
10/4/06,59.53
10/5/06,60.02
10/6/06,59.68
10/9/06,59.93
10/10/06,58.5
10/11/06,57.56
10/12/06,58.23
10/13/06,58.69
10/16/06,59.91
10/17/06,58.91
10/18/06,57.66
10/19/06,58.55
10/20/06,57.35
10/23/06,56.74
10/24/06,57.55
10/25/06,59.09
10/26/06,60.27
10/27/06,60.75
10/30/06,58.41
10/31/06,58.72
11/1/06,58.64
11/2/06,57.87
11/3/06,59.13
11/6/06,60.11
11/7/06,58.94
11/8/06,59.93
11/9/06,61.18
11/10/06,59.66
11/13/06,58.59
11/14/06,58.28
11/15/06,58.79
11/16/06,56.23
11/17/06,55.9
11/20/06,56.42
11/21/06,58.01
11/22/06,57.28
11/23/06,
11/24/06,
11/27/06,60.3
11/28/06,60.97
11/29/06,62.45
11/30/06,62.97
12/1/06,63.43
12/4/06,62.39
12/5/06,62.4
12/6/06,62.2
12/7/06,62.54
12/8/06,62.06
12/11/06,61.26
12/12/06,61.06
12/13/06,61.34
12/14/06,62.48
12/15/06,63.4
12/18/06,62.19
12/19/06,62.87
12/20/06,63.08
12/21/06,62.05
12/22/06,61.81
12/25/06,
12/26/06,61.07
12/27/06,60.31
12/28/06,60.39
12/29/06,60.85
1/1/07,
1/2/07,60.77
1/3/07,58.31
1/4/07,55.65
1/5/07,56.29
1/8/07,56.08
1/9/07,55.65
1/10/07,53.95
1/11/07,51.91
1/12/07,52.96
1/15/07,
1/16/07,51.23
1/17/07,52.3
1/18/07,50.51
1/19/07,51.98
1/22/07,51.11
1/23/07,53.61
1/24/07,54.24
1/25/07,53.49
1/26/07,55.38
1/29/07,54.01
1/30/07,57.03
1/31/07,58.17
2/1/07,57.35
2/2/07,59.01
2/5/07,58.69
2/6/07,58.91
2/7/07,57.75
2/8/07,59.76
2/9/07,59.86
2/12/07,57.76
2/13/07,58.98
2/14/07,58
2/15/07,57.92
2/16/07,59.38
2/19/07,
2/20/07,58.32
2/21/07,59.4
2/22/07,60.28
2/23/07,60.28
2/26/07,61.41
2/27/07,61.46
2/28/07,61.78
3/1/07,61.97
3/2/07,61.58
3/5/07,60.05
3/6/07,60.66
3/7/07,61.85
3/8/07,61.63
3/9/07,60.06
3/12/07,58.94
3/13/07,58.03
3/14/07,58.15
3/15/07,57.52
3/16/07,57.06
3/19/07,56.65
3/20/07,56.41
3/21/07,56.98
3/22/07,60.21
3/23/07,61.07
3/26/07,61.77
3/27/07,62.98
3/28/07,64.11
3/29/07,66.1
3/30/07,65.94
4/2/07,66.03
4/3/07,64.59
4/4/07,64.4
4/5/07,64.26
4/6/07,
4/9/07,61.51
4/10/07,61.92
4/11/07,61.98
4/12/07,63.87
4/13/07,63.63
4/16/07,63.63
4/17/07,63.14
4/18/07,63.14
4/19/07,61.81
4/20/07,63.56
4/23/07,65.33
4/24/07,64.1
4/25/07,65.33
4/26/07,65.08
4/27/07,66.45
4/30/07,65.78
5/1/07,64.43
5/2/07,63.78
5/3/07,63.23
5/4/07,61.89
5/7/07,61.48
5/8/07,62.26
5/9/07,61.54
5/10/07,61.85
5/11/07,62.35
5/14/07,62.55
5/15/07,63.16
5/16/07,62.57
5/17/07,64.83
5/18/07,64.93
5/21/07,66.25
5/22/07,64.91
5/23/07,65.1
5/24/07,63.62
5/25/07,64.59
5/28/07,
5/29/07,63.19
5/30/07,63.47
5/31/07,64.02
6/1/07,65.09
6/4/07,66.17
6/5/07,65.63
6/6/07,65.97
6/7/07,66.93
6/8/07,64.78
6/11/07,65.93
6/12/07,65.36
6/13/07,66.17
6/14/07,67.62
6/15/07,68.04
6/18/07,69.06
6/19/07,69.15
6/20/07,68.5
6/21/07,68.35
6/22/07,68.85
6/25/07,68.83
6/26/07,67.78
6/27/07,68.98
6/28/07,69.61
6/29/07,70.47
7/2/07,71.11
7/3/07,71.41
7/4/07,
7/5/07,71.81
7/6/07,72.8
7/9/07,72.14
7/10/07,72.8
7/11/07,72.58
7/12/07,72.55
7/13/07,73.89
7/16/07,74.11
7/17/07,74.03
7/18/07,75.03
7/19/07,75.9
7/20/07,75.53
7/23/07,74.65
7/24/07,73.38
7/25/07,75.74
7/26/07,74.96
7/27/07,77.03
7/30/07,76.82
7/31/07,78.2
8/1/07,76.49
8/2/07,76.84
8/3/07,75.41
8/6/07,72.03
8/7/07,72.25
8/8/07,72.23
8/9/07,71.62
8/10/07,71.49
8/13/07,71.6
8/14/07,72.4
8/15/07,73.36
8/16/07,70.99
8/17/07,71.9
8/20/07,71.12
8/21/07,69.49
8/22/07,69.3
8/23/07,69.86
8/24/07,71.17
8/27/07,71.98
8/28/07,71.79
8/29/07,73.52
8/30/07,73.37
8/31/07,73.98
9/3/07,
9/4/07,75.07
9/5/07,75.74
9/6/07,76.34
9/7/07,76.7
9/10/07,77.53
9/11/07,78.16
9/12/07,79.85
9/13/07,80.05
9/14/07,79.14
9/17/07,80.55
9/18/07,81.51
9/19/07,81.99
9/20/07,83.85
9/21/07,83.38
9/24/07,82.51
9/25/07,81.2
9/26/07,80.31
9/27/07,82.86
9/28/07,81.64
10/1/07,80.31
10/2/07,80
10/3/07,79.97
10/4/07,81.48
10/5/07,81.2
10/8/07,78.97
10/9/07,80.23
10/10/07,81.3
10/11/07,83.05
10/12/07,83.73
10/15/07,86.19
10/16/07,87.58
10/17/07,87.19
10/18/07,89.48
10/19/07,88.58
10/22/07,87.6
10/23/07,86.45
10/24/07,88.3
10/25/07,92.09
10/26/07,91.73
10/29/07,93.45
10/30/07,90.33
10/31/07,94.16
11/1/07,93.53
11/2/07,95.81
11/5/07,94.06
11/6/07,96.65
11/7/07,96.46
11/8/07,95.51
11/9/07,96.36
11/12/07,94.4
11/13/07,91.18
11/14/07,94.02
11/15/07,93.37
11/16/07,94.81
11/19/07,95.75
11/20/07,99.16
11/21/07,98.57
11/22/07,
11/23/07,98.24
11/26/07,97.66
11/27/07,94.39
11/28/07,90.71
11/29/07,90.98
11/30/07,88.6
12/3/07,89.29
12/4/07,88.31
12/5/07,87.45
12/6/07,90.25
12/7/07,88.23
12/10/07,87.72
12/11/07,90.12
12/12/07,94.41
12/13/07,92.35
12/14/07,91.31
12/17/07,90.69
12/18/07,89.93
12/19/07,91.11
12/20/07,90.88
12/21/07,93.19
12/24/07,94
12/25/07,
12/26/07,95.89
12/27/07,96.63
12/28/07,96.03
12/31/07,95.95
1/1/08,
1/2/08,99.64
1/3/08,99.17
1/4/08,97.9
1/7/08,95.08
1/8/08,96.43
1/9/08,95.64
1/10/08,93.92
1/11/08,92.74
1/14/08,94.23
1/15/08,91.87
1/16/08,90.8
1/17/08,90.11
1/18/08,90.55
1/21/08,
1/22/08,89.64
1/23/08,87.65
1/24/08,89.98
1/25/08,90.37
1/28/08,90.99
1/29/08,91.66
1/30/08,92.34
1/31/08,91.67
2/1/08,89.03
2/4/08,90.07
2/5/08,88.32
2/6/08,87.16
2/7/08,88.07
2/8/08,91.77
2/11/08,93.56
2/12/08,92.82
2/13/08,93.28
2/14/08,95.42
2/15/08,95.57
2/18/08,
2/19/08,99.99
2/20/08,100.86
2/21/08,98.57
2/22/08,99.03
2/25/08,99.4
2/26/08,100.83
2/27/08,99.59
2/28/08,102.6
2/29/08,101.78
3/3/08,102.42
3/4/08,99.72
3/5/08,104.45
3/6/08,105.51
3/7/08,105.12
3/10/08,107.9
3/11/08,108.73
3/12/08,109.86
3/13/08,110.21
3/14/08,110.03
3/17/08,105.74
3/18/08,109.57
3/19/08,103.25
3/20/08,102.57
3/21/08,
3/24/08,101.7
3/25/08,101.78
3/26/08,105.83
3/27/08,107.56
3/28/08,105.59
3/31/08,101.54
4/1/08,100.92
4/2/08,104.83
4/3/08,103.92
4/4/08,106.09
4/7/08,108.91
4/8/08,108.54
4/9/08,110.89
4/10/08,110.07
4/11/08,110.14
4/14/08,111.71
4/15/08,113.77
4/16/08,114.8
4/17/08,114.8
4/18/08,116.56
4/21/08,117.48
4/22/08,119.17
4/23/08,119.28
4/24/08,117.1
4/25/08,119.64
4/28/08,118.78
4/29/08,115.67
4/30/08,113.7
5/1/08,112.6
5/2/08,116.36
5/5/08,119.94
5/6/08,121.82
5/7/08,123.56
5/8/08,123.77
5/9/08,125.94
5/12/08,124.02
5/13/08,125.83
5/14/08,124.21
5/15/08,124.25
5/16/08,126.5
5/19/08,127.15
5/20/08,128.93
5/21/08,132.99
5/22/08,130.04
5/23/08,131.58
5/26/08,
5/27/08,128.81
5/28/08,131
5/29/08,126.7
5/30/08,127.35
6/2/08,127.75
6/3/08,124.33
6/4/08,122.3
6/5/08,127.93
6/6/08,138.51
6/9/08,134.44
6/10/08,131.38
6/11/08,136.43
6/12/08,136.91
6/13/08,134.84
6/16/08,134.52
6/17/08,133.99
6/18/08,136.54
6/19/08,131.88
6/20/08,134.78
6/23/08,135.98
6/24/08,136.49
6/25/08,133.92
6/26/08,138.91
6/27/08,139.69
6/30/08,139.96
7/1/08,141.06
7/2/08,143.74
7/3/08,145.31
7/4/08,
7/7/08,141.38
7/8/08,136.06
7/9/08,135.88
7/10/08,141.47
7/11/08,144.96
7/14/08,145.16
7/15/08,138.68
7/16/08,134.63
7/17/08,129.43
7/18/08,128.94
7/21/08,131.43
7/22/08,127.25
7/23/08,123.73
7/24/08,124.62
7/25/08,122.59
7/28/08,124.72
7/29/08,122.21
7/30/08,126.74
7/31/08,124.17
8/1/08,125.03
8/4/08,121.45
8/5/08,118.71
8/6/08,118.57
8/7/08,119.84
8/8/08,115.42
8/11/08,114.44
8/12/08,113.1
8/13/08,115.96
8/14/08,115.05
8/15/08,113.46
8/18/08,112.92
8/19/08,114.39
8/20/08,115.48
8/21/08,121.23
8/22/08,114.48
8/25/08,114.85
8/26/08,116.31
8/27/08,118.17
8/28/08,115.58
8/29/08,115.55
9/1/08,
9/2/08,109.63
9/3/08,109.38
9/4/08,107.99
9/5/08,106.47
9/8/08,106.35
9/9/08,103.23
9/10/08,102.66
9/11/08,100.95
9/12/08,101.19
9/15/08,95.52
9/16/08,91.49
9/17/08,97.39
9/18/08,97.5
9/19/08,104.05
9/22/08,122.61
9/23/08,107.85
9/24/08,106.84
9/25/08,111.54
9/26/08,106.77
9/29/08,96.29
9/30/08,100.7
10/1/08,98.23
10/2/08,93.84
10/3/08,93.91
10/6/08,88.15
10/7/08,90.18
10/8/08,88.94
10/9/08,86.5
10/10/08,77.44
10/13/08,81.17
10/14/08,78.69
10/15/08,74.38
10/16/08,69.81
10/17/08,71.9
10/20/08,74.08
10/21/08,71.29
10/22/08,66.92
10/23/08,67.17
10/24/08,63.34
10/27/08,61.92
10/28/08,62.8
10/29/08,67.45
10/30/08,65.79
10/31/08,68.1
11/3/08,63.93
11/4/08,70.41
11/5/08,65.41
11/6/08,60.72
11/7/08,61.06
11/10/08,62.19
11/11/08,59.38
11/12/08,55.95
11/13/08,58.31
11/14/08,57.18
11/17/08,55.14
11/18/08,54.42
11/19/08,53.64
11/20/08,48.86
11/21/08,49.22
11/24/08,53.63
11/25/08,50.02
11/26/08,54.2
11/27/08,
11/28/08,55.21
12/1/08,49.34
12/2/08,47.05
12/3/08,46.79
12/4/08,43.8
12/5/08,41.01
12/8/08,43.69
12/9/08,42
12/10/08,43.1
12/11/08,47.77
12/12/08,46.27
12/15/08,44.61
12/16/08,43.84
12/17/08,40.17
12/18/08,36.73
12/19/08,33.17
12/22/08,31.1
12/23/08,30.28
12/24/08,32.94
12/25/08,
12/26/08,37.58
12/29/08,39.89
12/30/08,38.95
12/31/08,44.6
1/1/09,
1/2/09,46.17
1/5/09,48.61
1/6/09,48.56
1/7/09,42.75
1/8/09,41.68
1/9/09,40.69
1/12/09,37.65
1/13/09,37.77
1/14/09,37.43
1/15/09,35.41
1/16/09,35.38
1/19/09,
1/20/09,38.57
1/21/09,42.56
1/22/09,42.33
1/23/09,45.12
1/26/09,46.5
1/27/09,41.67
1/28/09,42.04
1/29/09,41.58
1/30/09,41.73
2/2/09,41.35
2/3/09,40.87
2/4/09,40.27
2/5/09,41.15
2/6/09,40.24
2/9/09,39.58
2/10/09,37.54
2/11/09,35.93
2/12/09,34.03
2/13/09,37.63
2/16/09,
2/17/09,34.96
2/18/09,34.67
2/19/09,39.6
2/20/09,39.35
2/23/09,37.66
2/24/09,38.86
2/25/09,41.64
2/26/09,43.18
2/27/09,44.15
3/2/09,40.07
3/3/09,41.57
3/4/09,45.28
3/5/09,43.54
3/6/09,45.43
3/9/09,47.01
3/10/09,45.68
3/11/09,42.46
3/12/09,46.91
3/13/09,46.22
3/16/09,47.33
3/17/09,48.97
3/18/09,48.12
3/19/09,51.46
3/20/09,51.55
3/23/09,53.05
3/24/09,53.36
3/25/09,52.24
3/26/09,53.87
3/27/09,52.41
3/30/09,48.49
3/31/09,49.64
4/1/09,48.46
4/2/09,52.61
4/3/09,52.52
4/6/09,51.1
4/7/09,49.13
4/8/09,49.37
4/9/09,52.24
4/10/09,
4/13/09,50.22
4/14/09,49.51
4/15/09,49.26
4/16/09,49.97
4/17/09,50.36
4/20/09,45.82
4/21/09,46.65
4/22/09,47.41
4/23/09,48.46
4/24/09,50.65
4/27/09,49.29
4/28/09,49.01
4/29/09,50.19
4/30/09,50.35
5/1/09,52.18
5/4/09,54.45
5/5/09,53.81
5/6/09,56.29
5/7/09,56.67
5/8/09,58.58
5/11/09,57.79
5/12/09,58.81
5/13/09,58
5/14/09,58.58
5/15/09,56.52
5/18/09,58.99
5/19/09,59.52
5/20/09,61.45
5/21/09,60.49
5/22/09,61.15
5/25/09,
5/26/09,62.48
5/27/09,63.41
5/28/09,65.09
5/29/09,66.31
6/1/09,68.59
6/2/09,68.58
6/3/09,66.14
6/4/09,68.8
6/5/09,68.43
6/8/09,68.05
6/9/09,70.02
6/10/09,71.38
6/11/09,72.69
6/12/09,72.13
6/15/09,70.54
6/16/09,70.47
6/17/09,71.07
6/18/09,71.42
6/19/09,69.6
6/22/09,67.09
6/23/09,68.81
6/24/09,68.14
6/25/09,69.7
6/26/09,69.16
6/29/09,71.47
6/30/09,69.82
7/1/09,69.32
7/2/09,66.68
7/3/09,
7/6/09,64.06
7/7/09,62.88
7/8/09,60.15
7/9/09,60.36
7/10/09,59.93
7/13/09,59.69
7/14/09,59.62
7/15/09,61.49
7/16/09,62.07
7/17/09,63.56
7/20/09,63.93
7/21/09,64.81
7/22/09,64.58
7/23/09,66.1
7/24/09,66.96
7/27/09,68.34
7/28/09,67.24
7/29/09,63.42
7/30/09,66.9
7/31/09,69.26
8/3/09,71.59
8/4/09,71.4
8/5/09,71.97
8/6/09,71.96
8/7/09,70.97
8/10/09,70.59
8/11/09,69.46
8/12/09,70.08
8/13/09,70.57
8/14/09,67.51
8/17/09,66.72
8/18/09,69.22
8/19/09,72.54
8/20/09,72.4
8/21/09,73.12
8/24/09,73.68
8/25/09,71.6
8/26/09,71.38
8/27/09,72.49
8/28/09,72.72
8/31/09,69.97
9/1/09,68.11
9/2/09,68.03
9/3/09,67.9
9/4/09,67.95
9/7/09,
9/8/09,71.08
9/9/09,71.27
9/10/09,71.95
9/11/09,69.34
9/14/09,68.86
9/15/09,70.81
9/16/09,72.5
9/17/09,72.48
9/18/09,71.95
9/21/09,69.74
9/22/09,71.5
9/23/09,68.74
9/24/09,65.74
9/25/09,65.91
9/28/09,66.69
9/29/09,66.56
9/30/09,70.46
10/1/09,70.67
10/2/09,69.8
10/5/09,70.26
10/6/09,70.71
10/7/09,69.6
10/8/09,71.69
10/9/09,71.75
10/12/09,73.24
10/13/09,74.1
10/14/09,75.2
10/15/09,77.55
10/16/09,78.54
10/19/09,79.47
10/20/09,78.87
10/21/09,81.03
10/22/09,80.82
10/23/09,80.11
10/26/09,78.61
10/27/09,79.45
10/28/09,77.39
10/29/09,79.84
10/30/09,77.04
11/2/09,78.08
11/3/09,79.58
11/4/09,80.3
11/5/09,79.64
11/6/09,77.4
11/9/09,79.44
11/10/09,79.01
11/11/09,79.16
11/12/09,77.25
11/13/09,76.34
11/16/09,78.91
11/17/09,79.08
11/18/09,79.55
11/19/09,77.47
11/20/09,76.83
11/23/09,76.49
11/24/09,74.88
11/25/09,77.25
11/26/09,
11/27/09,75.95
11/30/09,77.19
12/1/09,78.39
12/2/09,76.62
12/3/09,76.42
12/4/09,75.41
12/7/09,73.89
12/8/09,72.59
12/9/09,70.67
12/10/09,70.54
12/11/09,69.86
12/14/09,69.48
12/15/09,70.62
12/16/09,72.64
12/17/09,72.58
12/18/09,73.3
12/21/09,72.71
12/22/09,73.48
12/23/09,76.03
12/24/09,76.83
12/25/09,
12/28/09,78.67
12/29/09,78.87
12/30/09,79.35
12/31/09,79.39
1/1/10,
1/4/10,81.52
1/5/10,81.74
1/6/10,83.12
1/7/10,82.6
1/8/10,82.74
1/11/10,82.54
1/12/10,80.79
1/13/10,79.66
1/14/10,79.35
1/15/10,77.96
1/18/10,
1/19/10,78.98
1/20/10,77.42
1/21/10,75.84
1/22/10,74.25
1/25/10,74.9
1/26/10,74.67
1/27/10,73.64
1/28/10,73.62
1/29/10,72.85
2/1/10,74.41
2/2/10,77.21
2/3/10,76.96
2/4/10,73.13
2/5/10,71.15
2/8/10,71.87
2/9/10,73.71
2/10/10,74.48
2/11/10,75.23
2/12/10,74.11
2/15/10,
2/16/10,76.98
2/17/10,77.27
2/18/10,78.97
2/19/10,79.77
2/22/10,80.04
2/23/10,78.61
2/24/10,79.75
2/25/10,77.99
2/26/10,79.72
3/1/10,78.71
3/2/10,79.62
3/3/10,80.91
3/4/10,80.21
3/5/10,81.5
3/8/10,81.85
3/9/10,81.5
3/10/10,82.07
3/11/10,82.1
3/12/10,81.26
3/15/10,79.79
3/16/10,81.75
3/17/10,82.93
3/18/10,82.16
3/19/10,80.58
3/22/10,81.26
3/23/10,81.68
3/24/10,80.29
3/25/10,80.25
3/26/10,79.75
3/29/10,81.92
3/30/10,82.14
3/31/10,83.45
4/1/10,84.53
4/2/10,
4/5/10,86.36
4/6/10,86.54
4/7/10,85.64
4/8/10,85.17
4/9/10,84.6
4/12/10,84.07
4/13/10,83.8
4/14/10,85.62
4/15/10,85.25
4/16/10,82.97
4/19/10,81.52
4/20/10,82.98
4/21/10,82.78
4/22/10,82.89
4/23/10,84.34
4/26/10,84.2
4/27/10,82.43
4/28/10,83.22
4/29/10,85.17
4/30/10,86.07
5/3/10,86.19
5/4/10,82.73
5/5/10,80
5/6/10,77.18
5/7/10,75.1
5/10/10,76.89
5/11/10,76.37
5/12/10,75.65
5/13/10,74.38
5/14/10,71.61
5/17/10,70.08
5/18/10,69.38
5/19/10,69.91
5/20/10,68.28
5/21/10,68.03
5/24/10,68.23
5/25/10,64.78
5/26/10,71.52
5/27/10,74.56
5/28/10,74
5/31/10,
6/1/10,72.7
6/2/10,72.88
6/3/10,74.62
6/4/10,71.43
6/7/10,71.55
6/8/10,71.88
6/9/10,74.38
6/10/10,75.48
6/11/10,73.89
6/14/10,74.99
6/15/10,76.84
6/16/10,77.67
6/17/10,76.82
6/18/10,77.18
6/21/10,77.84
6/22/10,77.15
6/23/10,75.9
6/24/10,75.96
6/25/10,78.45
6/28/10,78.26
6/29/10,75.93
6/30/10,75.59
7/1/10,72.95
7/2/10,72.06
7/5/10,
7/6/10,71.96
7/7/10,74.05
7/8/10,75.46
7/9/10,76.08
7/12/10,74.93
7/13/10,77.16
7/14/10,77.02
7/15/10,76.67
7/16/10,75.96
7/19/10,76.53
7/20/10,77.32
7/21/10,76.27
7/22/10,79.01
7/23/10,78.68
7/26/10,78.93
7/27/10,77.46
7/28/10,77.06
7/29/10,78.3
7/30/10,78.85
8/2/10,81.25
8/3/10,82.52
8/4/10,82.49
8/5/10,82
8/6/10,80.67
8/9/10,81.46
8/10/10,80.24
8/11/10,78.09
8/12/10,75.68
8/13/10,75.39
8/16/10,75.17
8/17/10,75.76
8/18/10,75.39
8/19/10,74.45
8/20/10,73.45
8/23/10,72.71
8/24/10,71.24
8/25/10,72.07
8/26/10,73.36
8/27/10,75.17
8/30/10,74.69
8/31/10,71.93
9/1/10,73.97
9/2/10,74.99
9/3/10,74.52
9/6/10,
9/7/10,73.98
9/8/10,74.65
9/9/10,74.25
9/10/10,76.4
9/13/10,77.17
9/14/10,76.78
9/15/10,75.92
9/16/10,74.58
9/17/10,73.63
9/20/10,74.81
9/21/10,72.96
9/22/10,72.98
9/23/10,73.4
9/24/10,74.63
9/27/10,76.51
9/28/10,76.15
9/29/10,77.85
9/30/10,79.95
10/1/10,81.57
10/4/10,81.43
10/5/10,82.83
10/6/10,83.21
10/7/10,81.34
10/8/10,82.66
10/11/10,82.18
10/12/10,81.67
10/13/10,83.03
10/14/10,82.71
10/15/10,81.23
10/18/10,83.06
10/19/10,79.57
10/20/10,81.93
10/21/10,80.03
10/22/10,81.15
10/25/10,82
10/26/10,82.6
10/27/10,81.9
10/28/10,82.2
10/29/10,81.45
11/1/10,82.94
11/2/10,83.91
11/3/10,84.45
11/4/10,86.49
11/5/10,86.85
11/8/10,87.07
11/9/10,87.04
11/10/10,87.77
11/11/10,87.77
11/12/10,84.89
11/15/10,84.88
11/16/10,82.33
11/17/10,80.43
11/18/10,81.88
11/19/10,81.65
11/22/10,81.24
11/23/10,80.79
11/24/10,83.21
11/25/10,
11/26/10,83.87
11/29/10,85.73
11/30/10,84.12
12/1/10,86.75
12/2/10,87.98
12/3/10,89.18
12/6/10,89.33
12/7/10,88.69
12/8/10,88.3
12/9/10,88.35
12/10/10,87.81
12/13/10,88.62
12/14/10,88.33
12/15/10,88.66
12/16/10,87.71
12/17/10,88.02
12/20/10,88.68
12/21/10,89.3
12/22/10,89.83
12/23/10,90.84
12/24/10,
12/27/10,90.99
12/28/10,91.48
12/29/10,91.13
12/30/10,89.85
12/31/10,91.38
1/3/11,91.59
1/4/11,89.39
1/5/11,90.3
1/6/11,88.37
1/7/11,88.07
1/10/11,89.24
1/11/11,91.11
1/12/11,91.85
1/13/11,91.39
1/14/11,91.53
1/17/11,
1/18/11,91.38
1/19/11,90.85
1/20/11,88.56
1/21/11,88.22
1/24/11,86.74
1/25/11,85.08
1/26/11,86.15
1/27/11,84.45
1/28/11,88.15
1/31/11,90.99
2/1/11,89.54
2/2/11,89.78
2/3/11,89.42
2/4/11,87.87
2/7/11,86.3
2/8/11,85.85
2/9/11,85.59
2/10/11,85.44
2/11/11,84.39
2/14/11,83.66
2/15/11,83.13
2/16/11,83.8
2/17/11,85.05
2/18/11,85.03
2/21/11,
2/22/11,92.65
2/23/11,96.04
2/24/11,95.83
2/25/11,96.52
2/28/11,97.1
3/1/11,99.63
3/2/11,102.27
3/3/11,101.92
3/4/11,104.34
3/7/11,105.37
3/8/11,105.06
3/9/11,104.39
3/10/11,102.73
3/11/11,101.14
3/14/11,101.2
3/15/11,97.23
3/16/11,97.99
3/17/11,101.47
3/18/11,101.06
3/21/11,102.36
3/22/11,104.53
3/23/11,105.21
3/24/11,105.04
3/25/11,104.89
3/28/11,103.54
3/29/11,104.34
3/30/11,103.8
3/31/11,106.19
4/1/11,107.55
4/4/11,108.14
4/5/11,107.82
4/6/11,108.38
4/7/11,109.82
4/8/11,112.27
4/11/11,109.5
4/12/11,105.75
4/13/11,106.6
4/14/11,107.73
4/15/11,109.17
4/18/11,106.7
4/19/11,107.18
4/20/11,110.84
4/21/11,111.72
4/22/11,
4/25/11,111.68
4/26/11,111.72
4/27/11,112.31
4/28/11,112.38
4/29/11,113.39
5/2/11,113.03
5/3/11,110.6
5/4/11,108.79
5/5/11,99.89
5/6/11,96.87
5/9/11,100.32
5/10/11,103.39
5/11/11,97.88
5/12/11,98.53
5/13/11,99.21
5/16/11,96.91
5/17/11,96.4
5/18/11,99.52
5/19/11,97.99
5/20/11,99.15
5/23/11,97.06
5/24/11,99.13
5/25/11,100.78
5/26/11,100.18
5/27/11,100.58
5/30/11,
5/31/11,102.7
6/1/11,100.3
6/2/11,100.41
6/3/11,100.28
6/6/11,99.07
6/7/11,99.18
6/8/11,100.77
6/9/11,101.95
6/10/11,99.3
6/13/11,97.2
6/14/11,99.37
6/15/11,94.83
6/16/11,94.95
6/17/11,93.02
6/20/11,93.23
6/21/11,93.7
6/22/11,94.96
6/23/11,90.7
6/24/11,90.89
6/27/11,90.65
6/28/11,92.9
6/29/11,94.85
6/30/11,95.3
7/1/11,94.81
7/4/11,
7/5/11,96.92
7/6/11,96.67
7/7/11,98.7
7/8/11,96.2
7/11/11,95.16
7/12/11,97.41
7/13/11,98.04
7/14/11,95.75
7/15/11,97.24
7/18/11,95.94
7/19/11,97.49
7/20/11,98.11
7/21/11,98.96
7/22/11,99.53
7/25/11,98.97
7/26/11,99.61
7/27/11,97.4
7/28/11,97.48
7/29/11,95.68
8/1/11,94.98
8/2/11,93.78
8/3/11,91.87
8/4/11,86.75
8/5/11,86.89
8/8/11,81.27
8/9/11,79.32
8/10/11,83.05
8/11/11,85.48
8/12/11,85.19
8/15/11,87.88
8/16/11,86.65
8/17/11,87.58
8/18/11,82.38
8/19/11,82.33
8/22/11,84.42
8/23/11,85.35
8/24/11,84.99
8/25/11,85.15
8/26/11,85.37
8/29/11,87.27
8/30/11,88.9
8/31/11,88.81
9/1/11,88.93
9/2/11,86.45
9/5/11,
9/6/11,85.99
9/7/11,89.34
9/8/11,89.05
9/9/11,87.24
9/12/11,88.19
9/13/11,90.21
9/14/11,88.91
9/15/11,89.4
9/16/11,87.96
9/19/11,85.7
9/20/11,86.92
9/21/11,85.77
9/22/11,80.29
9/23/11,79.58
9/26/11,79.97
9/27/11,84.18
9/28/11,80.94
9/29/11,81.87
9/30/11,78.93
10/3/11,77.34
10/4/11,75.4
10/5/11,79.41
10/6/11,82.32
10/7/11,82.7
10/10/11,85.14
10/11/11,85.54
10/12/11,85.3
10/13/11,83.96
10/14/11,86.8
10/17/11,86.38
10/18/11,88.34
10/19/11,86.11
10/20/11,86.07
10/21/11,87.19
10/24/11,91.12
10/25/11,92.98
10/26/11,90.2
10/27/11,93.96
10/28/11,93.32
10/31/11,93.19
11/1/11,92.19
11/2/11,92.51
11/3/11,94.07
11/4/11,94.26
11/7/11,95.52
11/8/11,96.8
11/9/11,95.74
11/10/11,97.78
11/11/11,98.99
11/14/11,98.14
11/15/11,99.37
11/16/11,102.59
11/17/11,98.82
11/18/11,97.67
11/21/11,96.73
11/22/11,97.76
11/23/11,96.16
11/24/11,
11/25/11,96.91
11/28/11,98.21
11/29/11,99.79
11/30/11,100.36
12/1/11,100.2
12/2/11,100.97
12/5/11,100.94
12/6/11,101.25
12/7/11,100.45
12/8/11,98.35
12/9/11,99.4
12/12/11,97.77
12/13/11,100.24
12/14/11,94.92
12/15/11,93.84
12/16/11,93.55
12/19/11,93.86
12/20/11,97.16
12/21/11,98.54
12/22/11,99.42
12/23/11,99.72
12/26/11,
12/27/11,101.29
12/28/11,99.44
12/29/11,99.68
12/30/11,98.83
1/2/12,
1/3/12,102.96
1/4/12,103.22
1/5/12,101.81
1/6/12,101.56
1/9/12,101.31
1/10/12,102.24
1/11/12,100.89
1/12/12,99.03
1/13/12,98.69
1/16/12,
1/17/12,100.7
1/18/12,100.61
1/19/12,100.32
1/20/12,98.15
1/23/12,99.47
1/24/12,98.84
1/25/12,99.23
1/26/12,99.76
1/27/12,99.47
1/30/12,98.75
1/31/12,98.46
2/1/12,97.63
2/2/12,96.36
2/3/12,97.8
2/6/12,96.89
2/7/12,98.55
2/8/12,98.8
2/9/12,99.88
2/10/12,98.68
2/13/12,100.39
2/14/12,100.82
2/15/12,101.82
2/16/12,102.33
2/17/12,103.27
2/20/12,
2/21/12,105.88
2/22/12,105.99
2/23/12,107.44
2/24/12,109.39
2/27/12,108.49
2/28/12,106.59
2/29/12,107.08
3/1/12,108.76
3/2/12,106.68
3/5/12,106.7
3/6/12,104.71
3/7/12,106.16
3/8/12,106.65
3/9/12,107.4
3/12/12,106.34
3/13/12,106.7
3/14/12,105.49
3/15/12,105.19
3/16/12,107.03
3/19/12,108.09
3/20/12,105.68
3/21/12,106.87
3/22/12,104.98
3/23/12,106.43
3/26/12,107.07
3/27/12,107.32
3/28/12,105.4
3/29/12,102.79
3/30/12,103.03
4/2/12,105.25
4/3/12,104.02
4/4/12,101.53
4/5/12,103.29
4/6/12,
4/9/12,102.45
4/10/12,101.12
4/11/12,102.66
4/12/12,103.69
4/13/12,102.84
4/16/12,102.92
4/17/12,104.23
4/18/12,102.65
4/19/12,102.38
4/20/12,103.58
4/23/12,102.68
4/24/12,103.1
4/25/12,103.72
4/26/12,104.56
4/27/12,104.86
4/30/12,104.89
5/1/12,106.17
5/2/12,105.25
5/3/12,102.56
5/4/12,98.49
5/7/12,97.86
5/8/12,97.13
5/9/12,96.8
5/10/12,97.1
5/11/12,96.03
5/14/12,94.75
5/15/12,93.97
5/16/12,92.78
5/17/12,92.53
5/18/12,91.51
5/21/12,92.57
5/22/12,91.44
5/23/12,89.4
5/24/12,90.36
5/25/12,90.64
5/28/12,
5/29/12,90.75
5/30/12,87.79
5/31/12,86.52
6/1/12,83.17
6/4/12,83.95
6/5/12,84.31
6/6/12,85.05
6/7/12,84.78
6/8/12,84.08
6/11/12,82.58
6/12/12,83.35
6/13/12,82.56
6/14/12,83.83
6/15/12,84.03
6/18/12,83.26
6/19/12,83.99
6/20/12,81.06
6/21/12,77.91
6/22/12,79.33
6/25/12,78.76
6/26/12,79.34
6/27/12,80.27
6/28/12,77.72
6/29/12,85.04
7/2/12,83.72
7/3/12,87.74
7/4/12,
7/5/12,87.11
7/6/12,84.37
7/9/12,85.93
7/10/12,83.92
7/11/12,85.88
7/12/12,86.02
7/13/12,87.15
7/16/12,88.41
7/17/12,89.07
7/18/12,89.88
7/19/12,92.78
7/20/12,91.56
7/23/12,87.77
7/24/12,88.28
7/25/12,88.8
7/26/12,89.4
7/27/12,90.13
7/30/12,89.8
7/31/12,88.08
8/1/12,88.99
8/2/12,87.22
8/3/12,91.4
8/6/12,92.3
8/7/12,93.68
8/8/12,93.39
8/9/12,93.39
8/10/12,92.94
8/13/12,92.76
8/14/12,93.4
8/15/12,94.35
8/16/12,95.66
8/17/12,96
8/20/12,96.03
8/21/12,96.55
8/22/12,96.89
8/23/12,95.87
8/24/12,95.78
8/27/12,95.54
8/28/12,96.3
8/29/12,95.5
8/30/12,94.61
8/31/12,96.47
9/3/12,
9/4/12,95.34
9/5/12,95.37
9/6/12,95.58
9/7/12,96.41
9/10/12,96.52
9/11/12,97.03
9/12/12,97.02
9/13/12,98.3
9/14/12,98.94
9/17/12,96.51
9/18/12,95.25
9/19/12,91.97
9/20/12,92.14
9/21/12,92.64
9/24/12,91.68
9/25/12,91.07
9/26/12,89.92
9/27/12,91.89
9/28/12,92.18
10/1/12,92.44
10/2/12,91.88
10/3/12,88.19
10/4/12,91.69
10/5/12,89.87
10/8/12,89.43
10/9/12,92.42
10/10/12,91.24
10/11/12,92.19
10/12/12,91.83
10/15/12,91.84
10/16/12,92.07
10/17/12,92.04
10/18/12,92
10/19/12,90
10/22/12,88.3
10/23/12,86.65
10/24/12,85.39
10/25/12,85.59
10/26/12,85.84
10/29/12,85.52
10/30/12,85.65
10/31/12,86.23
11/1/12,87.05
11/2/12,84.9
11/5/12,85.64
11/6/12,88.62
11/7/12,84.5
11/8/12,85.07
11/9/12,86.08
11/12/12,85.56
11/13/12,85.38
11/14/12,86.32
11/15/12,85.45
11/16/12,86.62
11/19/12,89.05
11/20/12,86.46
11/21/12,87.08
11/22/12,
11/23/12,87.01
11/26/12,87.28
11/27/12,86.81
11/28/12,86.1
11/29/12,87.64
11/30/12,88.54
12/3/12,88.69
12/4/12,88.04
12/5/12,87.36
12/6/12,85.47
12/7/12,85.45
12/10/12,85.14
12/11/12,85.36
12/12/12,86.35
12/13/12,85.39
12/14/12,86.32
12/17/12,86.71
12/18/12,87.46
12/19/12,89.09
12/20/12,89.76
12/21/12,88.2
12/24/12,88.29
12/25/12,
12/26/12,90.71
12/27/12,90.91
12/28/12,90.66
12/31/12,91.83
1/1/13,
1/2/13,93.14
1/3/13,92.97
1/4/13,93.12
1/7/13,93.2
1/8/13,93.21
1/9/13,93.08
1/10/13,93.81
1/11/13,93.6
1/14/13,94.27
1/15/13,93.26
1/16/13,94.28
1/17/13,95.49
1/18/13,95.61
1/21/13,
1/22/13,96.09
1/23/13,95.06
1/24/13,95.35
1/25/13,95.15
1/28/13,95.95
1/29/13,97.62
1/30/13,97.98
1/31/13,97.65
2/1/13,97.46
2/4/13,96.21
2/5/13,96.68
2/6/13,96.44
2/7/13,95.84
2/8/13,95.71
2/11/13,97.01
2/12/13,97.48
2/13/13,97.03
2/14/13,97.3
2/15/13,95.95
2/18/13,
2/19/13,96.69
2/20/13,94.92
2/21/13,92.79
2/22/13,93.12
2/25/13,92.74
2/26/13,92.63
2/27/13,92.84
2/28/13,92.03
3/1/13,90.71
3/4/13,90.13
3/5/13,90.88
3/6/13,90.47
3/7/13,91.53
3/8/13,92.01
3/11/13,92.07
3/12/13,92.44
3/13/13,92.47
3/14/13,93.03
3/15/13,93.49
3/18/13,93.71
3/19/13,92.44
3/20/13,93.21
3/21/13,92.46
3/22/13,93.41
3/25/13,94.55
3/26/13,95.99
3/27/13,96.53
3/28/13,97.24
3/29/13,
4/1/13,97.1
4/2/13,97.23
4/3/13,95.02
4/4/13,93.26
4/5/13,92.76
4/8/13,93.36
4/9/13,94.18
4/10/13,94.59
4/11/13,93.44
4/12/13,91.23
4/15/13,88.75
4/16/13,88.73
4/17/13,86.65
4/18/13,87.83
4/19/13,88.04
4/22/13,88.81
4/23/13,89.21
4/24/13,91.07
4/25/13,93.27
4/26/13,92.63
4/29/13,94.09
4/30/13,93.22
5/1/13,90.74
5/2/13,93.7
5/3/13,95.25
5/6/13,95.8
5/7/13,95.28
5/8/13,96.24
5/9/13,96.09
5/10/13,95.81
5/13/13,94.76
5/14/13,93.96
5/15/13,93.95
5/16/13,94.85
5/17/13,95.72
5/20/13,96.29
5/21/13,95.55
5/22/13,93.98
5/23/13,94.12
5/24/13,93.84
5/27/13,
5/28/13,94.65
5/29/13,93.13
5/30/13,93.57
5/31/13,91.93
6/3/13,93.41
6/4/13,93.36
6/5/13,93.66
6/6/13,94.71
6/7/13,96.11
6/10/13,95.82
6/11/13,95.5
6/12/13,95.98
6/13/13,96.66
6/14/13,97.83
6/17/13,97.86
6/18/13,98.46
6/19/13,98.24
6/20/13,94.89
6/21/13,93.81
6/24/13,95.07
6/25/13,95.25
6/26/13,95.47
6/27/13,97
6/28/13,96.36
7/1/13,97.94
7/2/13,99.65
7/3/13,101.92
7/4/13,
7/5/13,103.09
7/8/13,103.03
7/9/13,103.46
7/10/13,106.41
7/11/13,104.77
7/12/13,105.85
7/15/13,106.2
7/16/13,105.88
7/17/13,106.39
7/18/13,107.94
7/19/13,108
7/22/13,106.61
7/23/13,107.13
7/24/13,105.41
7/25/13,105.47
7/26/13,104.76
7/29/13,104.61
7/30/13,103.14
7/31/13,105.1
8/1/13,107.93
8/2/13,106.94
8/5/13,106.61
8/6/13,105.32
8/7/13,104.41
8/8/13,103.45
8/9/13,106.04
8/12/13,106.19
8/13/13,106.78
8/14/13,106.89
8/15/13,107.43
8/16/13,107.58
8/19/13,107.14
8/20/13,104.9
8/21/13,103.93
8/22/13,104.93
8/23/13,106.48
8/26/13,105.88
8/27/13,109.11
8/28/13,110.17
8/29/13,108.51
8/30/13,107.98
9/2/13,
9/3/13,108.67
9/4/13,107.29
9/5/13,108.5
9/6/13,110.62
9/9/13,109.62
9/10/13,107.48
9/11/13,107.65
9/12/13,108.72
9/13/13,108.31
9/16/13,106.54
9/17/13,105.36
9/18/13,108.23
9/19/13,106.26
9/20/13,104.7
9/23/13,103.62
9/24/13,103.22
9/25/13,102.68
9/26/13,103.1
9/27/13,102.86
9/30/13,102.36
10/1/13,102.09
10/2/13,104.15
10/3/13,103.29
10/4/13,103.83
10/7/13,103.07
10/8/13,103.54
10/9/13,101.63
10/10/13,103.08
10/11/13,102.17
10/14/13,102.46
10/15/13,101.15
10/16/13,102.34
10/17/13,100.72
10/18/13,100.87
10/21/13,99.28
10/22/13,97.63
10/23/13,96.9
10/24/13,96.65
10/25/13,97.4
10/28/13,98.74
10/29/13,98.29
10/30/13,96.81
10/31/13,96.29
11/1/13,94.56
11/4/13,94.58
11/5/13,93.4
11/6/13,94.74
11/7/13,94.25
11/8/13,94.56
11/11/13,95.13
11/12/13,93.12
11/13/13,93.91
11/14/13,93.76
11/15/13,93.8
11/18/13,93.03
11/19/13,93.35
11/20/13,93.34
11/21/13,95.35
11/22/13,94.53
11/25/13,93.86
11/26/13,93.41
11/27/13,92.05
11/28/13,
11/29/13,92.55
12/2/13,93.61
12/3/13,95.83
12/4/13,96.97
12/5/13,97.14
12/6/13,97.48
12/9/13,97.1
12/10/13,98.32
12/11/13,97.25
12/12/13,97.21
12/13/13,96.27
12/16/13,97.18
12/17/13,96.99
12/18/13,97.59
12/19/13,98.4
12/20/13,99.11
12/23/13,98.62
12/24/13,98.87
12/25/13,
12/26/13,99.18
12/27/13,99.94
12/30/13,98.9
12/31/13,98.17
1/1/14,
1/2/14,95.14
1/3/14,93.66
1/6/14,93.12
1/7/14,93.31
1/8/14,91.9
1/9/14,91.36
1/10/14,92.39
1/13/14,91.45
1/14/14,92.15
1/15/14,93.78
1/16/14,93.54
1/17/14,93.96
1/20/14,
1/21/14,94.51
1/22/14,96.35
1/23/14,97.23
1/24/14,96.66
1/27/14,95.82
1/28/14,97.49
1/29/14,97.34
1/30/14,98.25
1/31/14,97.55
2/3/14,96.44
2/4/14,97.24
2/5/14,97.4
2/6/14,97.84
2/7/14,99.98
2/10/14,100.12
2/11/14,99.96
2/12/14,100.38
2/13/14,100.27
2/14/14,100.31
2/17/14,
2/18/14,102.54
2/19/14,103.46
2/20/14,103.2
2/21/14,102.53
2/24/14,103.17
2/25/14,102.2
2/26/14,102.93
2/27/14,102.68
2/28/14,102.88
3/3/14,105.34
3/4/14,103.64
3/5/14,101.75
3/6/14,101.82
3/7/14,102.82
3/10/14,101.39
3/11/14,100.29
3/12/14,98.29
3/13/14,98.57
3/14/14,99.23
3/17/14,98.43
3/18/14,100.08
3/19/14,100.71
3/20/14,99.68
3/21/14,99.97
3/24/14,100.05
3/25/14,99.66
3/26/14,100.61
3/27/14,101.25
3/28/14,101.73
3/31/14,101.57
4/1/14,99.69
4/2/14,99.6
4/3/14,100.29
4/4/14,101.16
4/7/14,100.43
4/8/14,102.57
4/9/14,103.55
4/10/14,103.37
4/11/14,103.68
4/14/14,104.05
4/15/14,103.7
4/16/14,103.71
4/17/14,104.33
4/18/14,
4/21/14,104.35
4/22/14,101.69
4/23/14,101.47
4/24/14,102.2
4/25/14,100.85
4/28/14,101.13
4/29/14,101.56
4/30/14,100.07
5/1/14,99.69
5/2/14,100.09
5/5/14,99.74
5/6/14,99.81
5/7/14,101.06
5/8/14,100.52
5/9/14,100.32
5/12/14,100.89
5/13/14,102.01
5/14/14,102.63
5/15/14,101.74
5/16/14,102.31
5/19/14,102.95
5/20/14,102.8
5/21/14,104.31
5/22/14,104.03
5/23/14,105.01
5/26/14,
5/27/14,104.78
5/28/14,103.37
5/29/14,104.26
5/30/14,103.4
6/2/14,103.07
6/3/14,103.34
6/4/14,103.27
6/5/14,103.17
6/6/14,103.32
6/9/14,105.09
6/10/14,105.02
6/11/14,105.04
6/12/14,107.2
6/13/14,107.49
6/16/14,107.52
6/17/14,106.95
6/18/14,106.64
6/19/14,107.08
6/20/14,107.95
6/23/14,106.83
6/24/14,106.64
6/25/14,107.04
6/26/14,106.49
6/27/14,106.46
6/30/14,106.07
7/1/14,106.06
7/2/14,105.18
7/3/14,104.76
7/4/14,
7/7/14,104.19
7/8/14,104.06
7/9/14,102.93
7/10/14,103.61
7/11/14,101.48
7/14/14,101.73
7/15/14,100.56
7/16/14,101.88
7/17/14,103.84
7/18/14,103.83
7/21/14,105.34
7/22/14,104.59
7/23/14,103.81
7/24/14,102.76
7/25/14,105.23
7/28/14,105.68
7/29/14,104.91
7/30/14,104.29
7/31/14,98.23
8/1/14,97.86
8/4/14,98.26
8/5/14,97.34
8/6/14,96.93
8/7/14,97.34
8/8/14,97.61
8/11/14,98.09
8/12/14,97.36
8/13/14,97.57
8/14/14,95.54
8/15/14,97.3
8/18/14,96.44
8/19/14,94.35
8/20/14,96.4
8/21/14,93.97
8/22/14,93.61
8/25/14,95.39
8/26/14,95.78
8/27/14,95.82
8/28/14,96.44
8/29/14,97.86
9/1/14,
9/2/14,92.92
9/3/14,95.5
9/4/14,94.51
9/5/14,93.32
9/8/14,92.64
9/9/14,92.73
9/10/14,91.71
9/11/14,92.89
9/12/14,92.18
9/15/14,92.86
9/16/14,94.91
9/17/14,94.33
9/18/14,93.07
9/19/14,92.43
9/22/14,91.46
9/23/14,91.55
9/24/14,93.6
9/25/14,93.59
9/26/14,95.55
9/29/14,94.53
9/30/14,91.17
10/1/14,90.74
10/2/14,91.02
10/3/14,89.76
10/6/14,90.33
10/7/14,88.89
10/8/14,87.29
10/9/14,85.76
10/10/14,85.87
10/13/14,85.73
10/14/14,81.72
10/15/14,81.82
10/16/14,82.33
10/17/14,82.8
10/20/14,82.76
10/21/14,83.25
10/22/14,80.52
10/23/14,82.81
10/24/14,81.27
10/27/14,81.26
10/28/14,81.36
10/29/14,82.25
10/30/14,81.06
10/31/14,80.53
11/3/14,78.77
11/4/14,77.15
11/5/14,78.71
11/6/14,77.87
11/7/14,78.71
11/10/14,77.43
11/11/14,77.85
11/12/14,77.16
11/13/14,74.13
11/14/14,75.91
11/17/14,75.64
11/18/14,74.55
11/19/14,74.55
11/20/14,75.63
11/21/14,76.52
11/24/14,75.74
11/25/14,74.04
11/26/14,73.7
11/27/14,
11/28/14,65.94
12/1/14,68.98
12/2/14,66.99
12/3/14,67.3
12/4/14,66.73
12/5/14,65.89
12/8/14,63.13
12/9/14,63.74
12/10/14,60.99
12/11/14,60.01
12/12/14,57.81
12/15/14,55.96
12/16/14,55.97
12/17/14,56.43
12/18/14,54.18
12/19/14,56.91
12/22/14,55.25
12/23/14,56.78
12/24/14,55.7
12/25/14,
12/26/14,54.59
12/29/14,53.46
12/30/14,54.14
12/31/14,53.45
1/1/15,
1/2/15,52.72
1/5/15,50.05
1/6/15,47.98
1/7/15,48.69
1/8/15,48.8
1/9/15,48.35
1/12/15,46.06
1/13/15,45.92
1/14/15,48.49
1/15/15,46.37
1/16/15,48.49
1/19/15,
1/20/15,46.79
1/21/15,47.85
1/22/15,45.93
1/23/15,45.26
1/26/15,44.8
1/27/15,45.84
1/28/15,44.08
1/29/15,44.12
1/30/15,47.79
2/2/15,49.25
2/3/15,53.04
2/4/15,48.45
2/5/15,50.48
2/6/15,51.66
2/9/15,52.99
2/10/15,50.06
2/11/15,48.8
2/12/15,51.17
2/13/15,52.66
2/16/15,
2/17/15,53.56
2/18/15,52.13
2/19/15,51.12
2/20/15,49.95
2/23/15,49.56
2/24/15,48.48
2/25/15,50.25
2/26/15,47.65
2/27/15,49.84
3/2/15,49.59
3/3/15,50.43
3/4/15,51.53
3/5/15,50.76
3/6/15,49.61
3/9/15,49.95
3/10/15,48.42
3/11/15,48.06
3/12/15,47.12
3/13/15,44.88
3/16/15,43.93
3/17/15,43.39
3/18/15,44.63
3/19/15,44.02
3/20/15,46
3/23/15,47.4
3/24/15,47.03
3/25/15,48.75
3/26/15,51.41
3/27/15,48.83
3/30/15,48.66
3/31/15,47.72
4/1/15,50.12
4/2/15,49.13
4/3/15,
4/6/15,52.08
4/7/15,53.95
4/8/15,50.44
4/9/15,50.79
4/10/15,51.63
4/13/15,51.95
4/14/15,53.3
4/15/15,56.25
4/16/15,56.69
4/17/15,55.71
4/20/15,56.37
4/21/15,55.58
4/22/15,56.17
4/23/15,56.59
4/24/15,55.98
4/27/15,55.56
4/28/15,57.05
4/29/15,58.55
4/30/15,59.62
5/1/15,59.1
5/4/15,58.92
5/5/15,60.38
5/6/15,60.93
5/7/15,58.99
5/8/15,59.41
5/11/15,59.23
5/12/15,60.72
5/13/15,60.5
5/14/15,59.89
5/15/15,59.73
5/18/15,59.44
5/19/15,57.3
5/20/15,58.96
5/21/15,60.18
5/22/15,58.88
5/25/15,
5/26/15,57.29
5/27/15,57.51
5/28/15,57.69
5/29/15,60.25
6/1/15,60.24
6/2/15,61.3
6/3/15,59.67
6/4/15,58
6/5/15,59.11
6/8/15,58.15
6/9/15,60.15
6/10/15,61.36
6/11/15,60.74
6/12/15,59.96
6/15/15,59.53
6/16/15,60.01
6/17/15,59.89
6/18/15,60.41
6/19/15,59.62
6/22/15,60.01
6/23/15,61.05
6/24/15,60.01
6/25/15,59.59
6/26/15,59.41
6/29/15,58.34
6/30/15,59.48
7/1/15,56.94
7/2/15,56.93
7/3/15,
7/6/15,52.48
7/7/15,52.33
7/8/15,51.61
7/9/15,52.76
7/10/15,52.74
7/13/15,52.19
7/14/15,53.05
7/15/15,51.4
7/16/15,50.9
7/17/15,50.88
7/20/15,50.11
7/21/15,50.59
7/22/15,49.27
7/23/15,48.11
7/24/15,47.98
7/27/15,47.17
7/28/15,47.97
7/29/15,48.77
7/30/15,48.53
7/31/15,47.11
8/3/15,45.25
8/4/15,45.75
8/5/15,45.13
8/6/15,44.69
8/7/15,43.87
8/10/15,44.94
8/11/15,43.11
8/12/15,43.22
8/13/15,42.27
8/14/15,42.45
8/17/15,41.93
8/18/15,42.58
8/19/15,40.75
8/20/15,41
8/21/15,40.45
8/24/15,38.22
8/25/15,39.15
8/26/15,38.5
8/27/15,42.47
8/28/15,45.29
8/31/15,49.2
9/1/15,45.38
9/2/15,46.3
9/3/15,46.75
9/4/15,46.02
9/7/15,
9/8/15,45.92
9/9/15,44.13
9/10/15,45.85
9/11/15,44.75
9/14/15,44.07
9/15/15,44.58
9/16/15,47.12
9/17/15,46.93
9/18/15,44.71
9/21/15,46.67
9/22/15,46.17
9/23/15,44.53
9/24/15,44.94
9/25/15,45.55
9/28/15,44.4
9/29/15,45.24
9/30/15,45.06
10/1/15,44.75
10/2/15,45.54
10/5/15,46.28
10/6/15,48.53
10/7/15,47.86
10/8/15,49.46
10/9/15,49.67
10/12/15,47.09
10/13/15,46.7
10/14/15,46.63
10/15/15,46.38
10/16/15,47.3
10/19/15,45.91
10/20/15,45.84
10/21/15,45.22
10/22/15,44.9
10/23/15,43.91
10/26/15,43.19
10/27/15,43.21
10/28/15,45.93
10/29/15,46.02
10/30/15,46.6
11/2/15,46.12
11/3/15,47.88
11/4/15,46.32
11/5/15,45.27
11/6/15,44.32
11/9/15,43.87
11/10/15,44.23
11/11/15,42.95
11/12/15,41.74
11/13/15,40.69
11/16/15,41.68
11/17/15,40.73
11/18/15,40.75
11/19/15,40.55
11/20/15,39.39
11/23/15,39.27
11/24/15,40.89
11/25/15,41.22
11/26/15,
11/27/15,40.57
11/30/15,40.43
12/1/15,40.58
12/2/15,39.93
12/3/15,41.08
12/4/15,40
12/7/15,37.64
12/8/15,37.46
12/9/15,37.16
12/10/15,36.76
12/11/15,35.65
12/14/15,36.31
12/15/15,37.32
12/16/15,35.55
12/17/15,34.98
12/18/15,34.72
12/21/15,34.55
12/22/15,36.12
12/23/15,36.76
12/24/15,37.62
12/25/15,
12/28/15,36.36
12/29/15,37.88
12/30/15,36.59
12/31/15,37.13
1/1/16,
1/4/16,36.81
1/5/16,35.97
1/6/16,33.97
1/7/16,33.29
1/8/16,33.2
1/11/16,31.42
1/12/16,30.42
1/13/16,30.42
1/14/16,31.22
1/15/16,29.45
1/18/16,
1/19/16,28.47
1/20/16,26.68
1/21/16,29.55
1/22/16,32.07
1/25/16,30.31
1/26/16,29.54
1/27/16,32.32
1/28/16,33.21
1/29/16,33.66
2/1/16,31.62
2/2/16,29.9
2/3/16,32.29
2/4/16,31.63
2/5/16,30.86
2/8/16,29.71
2/9/16,27.96
2/10/16,27.54
2/11/16,26.19
2/12/16,29.32
2/15/16,
2/16/16,29.05
2/17/16,30.68
2/18/16,30.77
2/19/16,29.59
2/22/16,31.37
2/23/16,31.84
2/24/16,30.35
2/25/16,31.4
2/26/16,31.65
2/29/16,32.74
3/1/16,34.39
3/2/16,34.57
3/3/16,34.56
3/4/16,35.91
3/7/16,37.9
3/8/16,36.67
3/9/16,37.62
3/10/16,37.77
3/11/16,38.51
3/14/16,37.2
3/15/16,36.32
3/16/16,38.43
3/17/16,40.17
3/18/16,39.47
3/21/16,39.91
3/22/16,41.45
3/23/16,38.28
3/24/16,38.14
3/25/16,
3/28/16,37.99
3/29/16,36.91
3/30/16,36.91
3/31/16,36.94
4/1/16,35.36
4/4/16,34.3
4/5/16,34.52
4/6/16,37.74
4/7/16,37.3
4/8/16,39.74
4/11/16,40.46
4/12/16,42.12
4/13/16,41.7
4/14/16,41.45
4/15/16,40.4
4/18/16,39.74
4/19/16,40.88
4/20/16,42.72
4/21/16,43.18
4/22/16,42.76
4/25/16,41.67
4/26/16,42.52
4/27/16,45.29
4/28/16,46.03
4/29/16,45.98
5/2/16,44.75
5/3/16,43.65
5/4/16,43.77
5/5/16,44.33
5/6/16,44.58
5/9/16,43.45
5/10/16,44.68
5/11/16,46.21
5/12/16,46.64
5/13/16,46.22
5/16/16,47.72
5/17/16,48.29
5/18/16,48.12
5/19/16,48.16
5/20/16,47.67
5/23/16,48.12
5/24/16,48.04
5/25/16,49.1
5/26/16,49
5/27/16,49.36
5/30/16,
5/31/16,49.1
6/1/16,49.07
6/2/16,49.14
6/3/16,48.69
6/6/16,49.71
6/7/16,50.37
6/8/16,51.23
6/9/16,50.52
6/10/16,49.09
6/13/16,48.89
6/14/16,48.49
6/15/16,47.92
6/16/16,46.14
6/17/16,48
6/20/16,49.4
6/21/16,48.95
6/22/16,49.16
6/23/16,49.34
6/24/16,46.7
6/27/16,45.8
6/28/16,47.93
6/29/16,49.85
6/30/16,48.27
7/1/16,49.02
7/4/16,
7/5/16,46.73
7/6/16,47.37
7/7/16,45.22
7/8/16,45.37
7/11/16,44.73
7/12/16,46.82
7/13/16,44.87
7/14/16,45.64
7/15/16,45.93
7/18/16,45.23
7/19/16,44.64
7/20/16,44.96
7/21/16,43.96
7/22/16,43.41
7/25/16,42.4
7/26/16,42.16
7/27/16,41.9
7/28/16,41.13
7/29/16,41.54
8/1/16,40.05
8/2/16,39.5
8/3/16,40.8
8/4/16,41.92
8/5/16,41.83
8/8/16,43.06
8/9/16,42.78
8/10/16,41.75
8/11/16,43.51
8/12/16,44.47
8/15/16,45.72
8/16/16,46.57
8/17/16,46.81
8/18/16,48.2
8/19/16,48.48
8/22/16,46.8
8/23/16,47.54
8/24/16,46.29
8/25/16,46.97
8/26/16,47.64
8/29/16,46.97
8/30/16,46.32
8/31/16,44.68
9/1/16,43.17
9/2/16,44.39
9/5/16,
9/6/16,44.85
9/7/16,45.47
9/8/16,47.63
9/9/16,45.88
9/12/16,46.28
9/13/16,44.91
9/14/16,43.62
9/15/16,43.85
9/16/16,43.04
9/19/16,43.34
9/20/16,43.85
9/21/16,45.33
9/22/16,46.1
9/23/16,44.36
9/26/16,45.6
9/27/16,44.65
9/28/16,47.07
9/29/16,47.72
9/30/16,47.72
10/3/16,48.8
10/4/16,48.67
10/5/16,49.75
10/6/16,50.44
10/7/16,49.76
10/10/16,49.76
10/11/16,50.72
10/12/16,50.14
10/13/16,50.47
10/14/16,50.35
10/17/16,49.97
10/18/16,50.3
10/19/16,51.59
10/20/16,50.31
10/21/16,50.61
10/24/16,50.18
10/25/16,49.45
10/26/16,48.75
10/27/16,49.71
10/28/16,48.72
10/31/16,46.83
11/1/16,46.66
11/2/16,45.32
11/3/16,44.66
11/4/16,44.07
11/7/16,44.88
11/8/16,44.96
11/9/16,45.2
11/10/16,44.62
11/11/16,43.39
11/14/16,43.29
11/15/16,45.86
11/16/16,45.56
11/17/16,45.37
11/18/16,45.69
11/21/16,47.48
11/22/16,48.07
11/23/16,46.72
11/24/16,
11/25/16,46.72
11/28/16,45.66
11/29/16,45.29
11/30/16,49.41
12/1/16,51.08
12/2/16,51.7
12/5/16,51.72
12/6/16,50.95
12/7/16,49.85
12/8/16,50.84
12/9/16,51.51
12/12/16,52.74
12/13/16,52.99
12/14/16,51.01
12/15/16,50.9
12/16/16,51.93
12/19/16,52.13
12/20/16,52.22
12/21/16,51.44
12/22/16,51.98
12/23/16,52.01
12/26/16,
12/27/16,52.82
12/28/16,54.01
12/29/16,53.8
12/30/16,53.75
1/2/17,
1/3/17,52.36
1/4/17,53.26
1/5/17,53.77
1/6/17,53.98
1/9/17,51.95
1/10/17,50.82
1/11/17,52.19
1/12/17,53.01
1/13/17,52.36
1/16/17,
1/17/17,52.45
1/18/17,51.12
1/19/17,51.39
1/20/17,52.33
1/23/17,52.77
1/24/17,52.38
1/25/17,52.14
1/26/17,53.24
1/27/17,53.18
1/30/17,52.63
1/31/17,52.75
2/1/17,53.9
2/2/17,53.55
2/3/17,53.81
2/6/17,53.01
2/7/17,52.19
2/8/17,52.37
2/9/17,52.99
2/10/17,53.84
2/13/17,52.96
2/14/17,53.21
2/15/17,53.11
2/16/17,53.41
2/17/17,53.41
2/20/17,
2/21/17,54.02
2/22/17,53.61
2/23/17,54.48
2/24/17,53.99
2/27/17,54.04
2/28/17,54
3/1/17,53.82
3/2/17,52.63
3/3/17,53.33
3/6/17,53.19
3/7/17,52.68
3/8/17,49.83
3/9/17,48.75
3/10/17,48.05
3/13/17,47.95
3/14/17,47.24
3/15/17,48.34
3/16/17,48.3
3/17/17,48.34
3/20/17,47.79
3/21/17,47.02
3/22/17,47.29
3/23/17,47
3/24/17,47.3
3/27/17,47.02
3/28/17,48.36
3/29/17,49.47
3/30/17,50.3
3/31/17,50.54
4/3/17,50.25
4/4/17,50.99
4/5/17,51.14
4/6/17,51.69
4/7/17,52.25
4/10/17,53.06
4/11/17,53.38
4/12/17,53.12
4/13/17,53.19
4/14/17,
4/17/17,52.62
4/18/17,52.46
4/19/17,50.49
4/20/17,50.26
4/21/17,49.64
4/24/17,48.9
4/25/17,49.22
4/26/17,49.22
4/27/17,48.96
4/28/17,49.31
5/1/17,48.83
5/2/17,47.65
5/3/17,47.79
5/4/17,45.55
5/5/17,46.23
5/8/17,46.46
5/9/17,45.84
5/10/17,47.28
5/11/17,47.81
5/12/17,47.83
5/15/17,48.86
5/16/17,48.64
5/17/17,49.04
5/18/17,49.36
5/19/17,50.32
5/22/17,50.81
5/23/17,51.12
5/24/17,50.99
5/25/17,48.57
5/26/17,49.58
5/29/17,
5/30/17,49.63
5/31/17,48.29
6/1/17,48.32
6/2/17,47.68
6/5/17,47.4
6/6/17,48.13
6/7/17,45.8
6/8/17,45.68
6/9/17,45.82
6/12/17,46.1
6/13/17,46.41
6/14/17,44.79
6/15/17,44.47
6/16/17,44.73
6/19/17,44.24
6/20/17,43.34
6/21/17,42.48
6/22/17,42.53
6/23/17,42.86
6/26/17,43.24
6/27/17,44.25
6/28/17,44.74
6/29/17,44.88
6/30/17,46.02
7/3/17,
7/4/17,
7/5/17,45.11
7/6/17,45.52
7/7/17,44.25
7/10/17,44.4
7/11/17,45.06
7/12/17,45.48
7/13/17,46.06
7/14/17,46.53
7/17/17,46.02
7/18/17,46.4
7/19/17,47.1
7/20/17,46.73
7/21/17,45.78
7/24/17,46.21
7/25/17,47.77
7/26/17,48.58
7/27/17,49.05
7/28/17,49.72
7/31/17,50.21
8/1/17,49.19
8/2/17,49.6
8/3/17,49.03
8/4/17,49.57
8/7/17,49.37
8/8/17,49.07
8/9/17,49.59
8/10/17,48.54
8/11/17,48.81
8/14/17,47.59
8/15/17,47.57
8/16/17,46.8
8/17/17,47.07
8/18/17,48.59
8/21/17,47.39
8/22/17,47.65
8/23/17,48.45
8/24/17,47.24
8/25/17,47.65
8/28/17,46.4
8/29/17,46.46
8/30/17,45.96
8/31/17,47.26
9/1/17,47.32
9/4/17,
9/5/17,48.63
9/6/17,49.13
9/7/17,49.1
9/8/17,47.44
9/11/17,48.06
9/12/17,48.21
9/13/17,49.3
9/14/17,49.86
9/15/17,49.9
9/18/17,49.88
9/19/17,49.54
9/20/17,50.29
9/21/17,50.58
9/22/17,50.33
9/25/17,51.85
9/26/17,51.59
9/27/17,52.14
9/28/17,51.62
9/29/17,51.67
10/2/17,50.59
10/3/17,50.44
10/4/17,50
10/5/17,50.79
10/6/17,49.34
10/9/17,49.58
10/10/17,50.93
10/11/17,51.3
10/12/17,50.61
10/13/17,51.43
10/16/17,51.86
10/17/17,51.87
10/18/17,52.05
10/19/17,51.29
10/20/17,51.63
10/23/17,51.91
10/24/17,52.32
10/25/17,51.97
10/26/17,52.41
10/27/17,53.92
10/30/17,54.11
10/31/17,54.36
11/1/17,54.32
11/2/17,54.55
11/3/17,55.63
11/6/17,57.34
11/7/17,57.19
11/8/17,56.82
11/9/17,57.16
11/10/17,56.75
11/13/17,56.77
11/14/17,55.67
11/15/17,55.28
11/16/17,55.14
11/17/17,56.21
11/20/17,56.21
11/21/17,56.84
11/22/17,57.88
11/23/17,
11/24/17,58.94
11/27/17,58.1
11/28/17,57.96
11/29/17,57.25
11/30/17,57.4
12/1/17,58.35
12/4/17,57.48
12/5/17,57.66
12/6/17,55.79
12/7/17,56.5
12/8/17,57.15
12/11/17,57.84
12/12/17,57.12
12/13/17,56.59
12/14/17,57
12/15/17,57.29
12/18/17,57.17
12/19/17,57.49
12/20/17,58.09
12/21/17,58.34
12/22/17,58.25
12/25/17,
12/26/17,59.55
12/27/17,59.67
12/28/17,59.84
12/29/17,60.46
1/1/18,
1/2/18,60.37
1/3/18,61.61
1/4/18,61.98
1/5/18,61.49
1/8/18,61.73
1/9/18,62.92
1/10/18,63.6
1/11/18,63.81
1/12/18,64.22
1/15/18,
1/16/18,63.82
1/17/18,63.92
1/18/18,63.96
1/19/18,63.38
1/22/18,63.66
1/23/18,64.45
1/24/18,65.69
1/25/18,65.62
1/26/18,66.27
1/29/18,65.71
1/30/18,64.64
1/31/18,64.82
2/1/18,65.92
2/2/18,65.5
2/5/18,64.18
2/6/18,63.48
2/7/18,61.91
2/8/18,61.3
2/9/18,59.2
2/12/18,59.41
2/13/18,59.33
2/14/18,60.7
2/15/18,61.48
2/16/18,61.89
2/19/18,
2/20/18,61.91
2/21/18,61.73
2/22/18,62.72
2/23/18,63.52
2/26/18,63.81
2/27/18,62.94
2/28/18,61.43
3/1/18,60.98
3/2/18,61.19
3/5/18,62.49
3/6/18,62.54
3/7/18,61.09
3/8/18,60.13
3/9/18,62.02
3/12/18,61.35
3/13/18,60.69
3/14/18,60.89
3/15/18,61.16
3/16/18,62.29
3/19/18,62.01
3/20/18,63.37
3/21/18,65.1
3/22/18,64.25
3/23/18,65.8
3/26/18,65.49
3/27/18,65.21
3/28/18,64.3
3/29/18,64.87
3/30/18,
4/2/18,63.05
4/3/18,63.41
4/4/18,63.35
4/5/18,63.53
4/6/18,62.03
4/9/18,63.4
4/10/18,65.48
4/11/18,66.81
4/12/18,67.07
4/13/18,67.35
4/16/18,66.23
4/17/18,66.5
4/18/18,68.44
4/19/18,68.3
4/20/18,68.26
4/23/18,67.61
4/24/18,67.66
4/25/18,68
4/26/18,68.18
4/27/18,68.11
4/30/18,68.56
5/1/18,67.28
5/2/18,67.91
5/3/18,68.45
5/4/18,69.71
5/7/18,70.74
5/8/18,68.83
5/9/18,71.16
5/10/18,71.36
5/11/18,70.69
5/14/18,71.01
5/15/18,71.34
5/16/18,71.43
5/17/18,71.47
5/18/18,71.23
5/21/18,72.26
5/22/18,72.09
5/23/18,71.85
5/24/18,70.77
5/25/18,67.92
5/28/18,
5/29/18,66.8
5/30/18,68.24
5/31/18,66.98
6/1/18,65.81
6/4/18,64.76
6/5/18,65.51
6/6/18,64.75
6/7/18,65.96
6/8/18,65.77
6/11/18,66.1
6/12/18,66.38
6/13/18,66.63
6/14/18,66.91
6/15/18,65.01
6/18/18,65.91
6/19/18,65.09
6/20/18,65.92
6/21/18,65.68
6/22/18,69.02
6/25/18,69.91
6/26/18,75.23
6/27/18,77.41
6/28/18,73.45
6/29/18,74.13
7/2/18,73.89
7/3/18,74.19
7/4/18,
7/5/18,73.05
7/6/18,73.78
7/9/18,73.93
7/10/18,74.11
7/11/18,70.47
7/12/18,70.28
7/13/18,71.03
7/16/18,68.22
7/17/18,68.03
7/18/18,68.78
7/19/18,69.42
7/20/18,70.31
7/23/18,67.9
7/24/18,70.77
7/25/18,71.13
7/26/18,71.59
7/27/18,68.66
7/30/18,71.19
7/31/18,69.88
8/1/18,68.8
8/2/18,68.95
8/3/18,68.49
8/6/18,69.01
8/7/18,69.17
8/8/18,66.92
8/9/18,66.81
8/10/18,67.61
8/13/18,67.25
8/14/18,67.04
8/15/18,65.07
8/16/18,65.44
8/17/18,65.93
8/20/18,66.5
8/21/18,67.32
8/22/18,67.85
8/23/18,69.13
8/24/18,69.71
8/27/18,69.97
8/28/18,68.54
8/29/18,69.68
8/30/18,70.25
8/31/18,69.84
9/3/18,
9/4/18,69.82
9/5/18,68.69
9/6/18,67.81
9/7/18,67.73
9/10/18,67.55
9/11/18,69.29
9/12/18,70.37
9/13/18,68.6
9/14/18,68.98
9/17/18,68.86
9/18/18,69.87
9/19/18,71.08
9/20/18,70.77
9/21/18,70.8
9/24/18,73.23
9/25/18,73.4
9/26/18,72.22
9/27/18,72.18
9/28/18,73.16
10/1/18,75.37
10/2/18,75.16
10/3/18,76.4
10/4/18,74.44
10/5/18,74.26
10/8/18,74.27
10/9/18,74.95
10/10/18,73.18
10/11/18,70.97
10/12/18,71.41
10/15/18,71.84
10/16/18,71.93
10/17/18,69.63
10/18/18,68.63
10/19/18,69.16
10/22/18,69.25
10/23/18,66.49
10/24/18,66.56
10/25/18,67.25
10/26/18,67.58
10/29/18,67
10/30/18,66.18
10/31/18,65.31
11/1/18,63.67
11/2/18,63.12
11/5/18,63.12
11/6/18,62.16
11/7/18,61.69
11/8/18,60.71
11/9/18,60.19
11/12/18,59.85
11/13/18,55.63
11/14/18,56.16
11/15/18,56.45
11/16/18,56.49
11/19/18,57.16
11/20/18,53.39
11/21/18,54.41
11/22/18,
11/23/18,
11/26/18,51.46
11/27/18,51.31
11/28/18,50.06
11/29/18,51.46
11/30/18,50.78
12/3/18,52.98
12/4/18,53.21
12/5/18,52.64
12/6/18,51.54
12/7/18,52.76
12/10/18,51.07
12/11/18,51.65
12/12/18,51.04
12/13/18,52.69
12/14/18,51.26
12/17/18,49.8
12/18/18,46.12
12/19/18,47.96
12/20/18,45.64
12/21/18,45.38
12/24/18,
12/25/18,
12/26/18,46.04
12/27/18,44.48
12/28/18,45.15
12/31/18,
1/1/19,
1/2/19,46.31
1/3/19,46.92
1/4/19,47.76
1/7/19,48.27
1/8/19,49.58
1/9/19,52.19
1/10/19,52.42
1/11/19,51.44
1/14/19,50.31
1/15/19,51.8
1/16/19,52.08
1/17/19,51.83
1/18/19,53.6
1/21/19,
1/22/19,52.59
1/23/19,52.44
1/24/19,52.94
1/25/19,53.53
1/28/19,51.79
1/29/19,53.07
1/30/19,54.18
1/31/19,53.84
2/1/19,55.29
2/4/19,54.57
2/5/19,53.69
2/6/19,53.94
2/7/19,52.68
2/8/19,52.75
2/11/19,52.43
2/12/19,53.14
2/13/19,53.84
2/14/19,54.4
2/15/19,55.58
2/18/19,
2/19/19,56.12
2/20/19,56.9
2/21/19,56.95
2/22/19,57.01
2/25/19,55.32
2/26/19,55.4
2/27/19,56.92
2/28/19,57.21
3/1/19,55.76
3/4/19,56.6
3/5/19,56.55
3/6/19,56.22
3/7/19,56.6
3/8/19,55.77
3/11/19,56.79
3/12/19,56.89
3/13/19,58.27
3/14/19,58.59
3/15/19,58.51
3/18/19,59.09
3/19/19,59.12
3/20/19,60.12
3/21/19,59.98
3/22/19,58.87
3/25/19,58.71
3/26/19,59.87
3/27/19,59.39
3/28/19,59.29
3/29/19,60.19
4/1/19,61.59
4/2/19,62.53
4/3/19,62.46
4/4/19,62.12
4/5/19,63.1
4/8/19,64.37
4/9/19,64.05
4/10/19,64.62
4/11/19,63.61
4/12/19,63.86
4/15/19,63.43
4/16/19,64.01
4/17/19,63.74
4/18/19,64.02
4/19/19,
4/22/19,65.66
4/23/19,66.24
4/24/19,65.96
4/25/19,65.23
4/26/19,63.29
4/29/19,63.39
4/30/19,63.83
5/1/19,63.55
5/2/19,61.75
5/3/19,61.98
5/6/19,62.3
5/7/19,61.41
5/8/19,62.13
5/9/19,61.58
5/10/19,61.65
5/13/19,60.97
5/14/19,61.82
5/15/19,62.03
5/16/19,62.93
5/17/19,62.77
5/20/19,63.12
5/21/19,63.02
5/22/19,61.42
5/23/19,57.65
5/24/19,58.4
5/27/19,
5/28/19,58.91
5/29/19,58.84
5/30/19,56.47
5/31/19,53.49
6/3/19,53.25
6/4/19,53.5
6/5/19,51.57
6/6/19,52.59
6/7/19,53.95
6/10/19,53.33
6/11/19,53.3
6/12/19,51.13
6/13/19,52.38
6/14/19,52.47
6/17/19,51.94
6/18/19,53.86
6/19/19,53.74
6/20/19,56.88
6/21/19,57.35
6/24/19,57.73
6/25/19,57.63
6/26/19,59.17
6/27/19,59.18
6/28/19,58.2
7/1/19,58.91
7/2/19,56
7/3/19,57.06
7/4/19,
7/5/19,
7/8/19,57.35
7/9/19,57.57
7/10/19,60.28
7/11/19,59.93
7/12/19,59.99
7/15/19,59.3
7/16/19,57.44
7/17/19,56.5
7/18/19,55.08
7/19/19,55.42
7/22/19,55.87
7/23/19,56.58
7/24/19,55.9
7/25/19,55.88
7/26/19,56.04
7/29/19,56.85
7/30/19,58.04
7/31/19,58.53
8/1/19,53.64
8/2/19,55.67
8/5/19,54.63
8/6/19,53.6
8/7/19,51.14
8/8/19,52.6
8/9/19,54.41
8/12/19,54.98
8/13/19,57.05
8/14/19,55.16
8/15/19,54.51
8/16/19,54.83
8/19/19,56.24
8/20/19,56.18
8/21/19,55.65
8/22/19,55.33
8/23/19,54.08
8/26/19,53.54
8/27/19,54.99
8/28/19,55.76
8/29/19,56.67
8/30/19,55.07
9/2/19,
9/3/19,53.91
9/4/19,56.22
9/5/19,56.33
9/6/19,56.45
9/9/19,57.88
9/10/19,57.37
9/11/19,55.66
9/12/19,55.13
9/13/19,54.76
9/16/19,63.1
9/17/19,59.26
9/18/19,58.19
9/19/19,58.19
9/20/19,57.92
9/23/19,58.69
9/24/19,57.22
9/25/19,56.38
9/26/19,56.24
9/27/19,55.95
9/30/19,54.09
10/1/19,53.6
10/2/19,52.67
10/3/19,52.41
10/4/19,52.84
10/7/19,52.76
10/8/19,52.64
10/9/19,52.63
10/10/19,53.57
10/11/19,54.76
10/14/19,53.57
10/15/19,52.81
10/16/19,53.42
10/17/19,53.89
10/18/19,53.75
10/21/19,53.28
10/22/19,54.21
10/23/19,55.9
10/24/19,56.11
10/25/19,56.52
10/28/19,55.6
10/29/19,55.34
10/30/19,54.85
10/31/19,54.02
11/1/19,56.04
11/4/19,56.33
11/5/19,57.04
11/6/19,56.15
11/7/19,56.91
11/8/19,57.02
11/11/19,
11/12/19,56.67
11/13/19,56.88
11/14/19,56.57
11/15/19,57.54
11/18/19,56.82
11/19/19,54.93
11/20/19,56.71
11/21/19,58.36
11/22/19,57.68
11/25/19,57.79
11/26/19,58.25
11/27/19,58.12
11/28/19,
11/29/19,58.12
12/2/19,55.97
12/3/19,56.15
12/4/19,58.46
12/5/19,58.42
12/6/19,59.2
12/9/19,58.99
12/10/19,59.22
12/11/19,58.74
12/12/19,59.18
12/13/19,60.11
12/16/19,60.21
12/17/19,60.88
12/18/19,60.93
12/19/19,61.3
12/20/19,60.43
12/23/19,60.51
12/24/19,61.17
12/25/19,
12/26/19,61.72
12/27/19,61.76
12/30/19,61.66
12/31/19,61.14
1/1/20,
1/2/20,61.17
1/3/20,63
1/6/20,63.27
1/7/20,62.7
1/8/20,59.65
1/9/20,59.56
1/10/20,59.02
1/13/20,58.17
1/14/20,58.34
1/15/20,57.86
1/16/20,58.52
1/17/20,58.55
1/20/20,
1/21/20,58.25
1/22/20,56.76
1/23/20,55.51
1/24/20,54.09
1/27/20,53.09
1/28/20,53.33
1/29/20,53.29
1/30/20,52.19
1/31/20,51.58
2/3/20,50.06
2/4/20,49.59
2/5/20,50.87
2/6/20,50.94
2/7/20,50.34
2/10/20,49.59
2/11/20,50
2/12/20,51.13
2/13/20,51.41
2/14/20,52.03
2/17/20,
2/18/20,52.1
2/19/20,53.31
2/20/20,53.77
2/21/20,53.36
2/24/20,51.36
2/25/20,49.78
2/26/20,48.67
2/27/20,47.17
2/28/20,44.83
3/2/20,46.78
3/3/20,47.27
3/4/20,46.78
3/5/20,45.9
3/6/20,41.14
3/9/20,31.05
3/10/20,34.47
3/11/20,33.13
3/12/20,31.56
3/13/20,31.72
3/16/20,28.96
3/17/20,26.96
3/18/20,20.48
3/19/20,25.09
3/20/20,19.48
3/23/20,23.33
3/24/20,21.03
3/25/20,20.75
3/26/20,16.6
3/27/20,15.48
3/30/20,14.1
3/31/20,20.51
4/1/20,20.28
4/2/20,25.18
4/3/20,28.36
4/6/20,26.21
4/7/20,23.54
4/8/20,24.97
4/9/20,22.9
4/10/20,
4/13/20,22.36
4/14/20,20.15
4/15/20,19.96
4/16/20,19.82
4/17/20,18.31
4/20/20,-36.98
4/21/20,8.91
4/22/20,13.64
4/23/20,15.06
4/24/20,15.99
4/27/20,12.17
4/28/20,12.4
4/29/20,15.04
4/30/20,19.23
5/1/20,19.72
5/4/20,20.47
5/5/20,24.56
5/6/20,23.88
5/7/20,23.68
5/8/20,24.73
5/11/20,24.02
5/12/20,25.76
5/13/20,25.37
5/14/20,27.4
5/15/20,29.44
5/18/20,31.83
5/19/20,32.3
5/20/20,33.56
5/21/20,34.3
5/22/20,33.49
5/25/20,
5/26/20,34.7
5/27/20,32.8
5/28/20,33.67
5/29/20,35.57
6/1/20,35.49
6/2/20,36.88
6/3/20,37.33
6/4/20,37.42
6/5/20,39.49
6/8/20,38.17
6/9/20,38.98
6/10/20,39.54
6/11/20,36.43
6/12/20,36.24
6/15/20,37.07
6/16/20,38.26
6/17/20,37.91
6/18/20,38.79
6/19/20,39.72
6/22/20,40.6
6/23/20,40.4
6/24/20,37.91
6/25/20,38.66
6/26/20,38.53
6/29/20,39.67
6/30/20,39.27
7/1/20,39.88
7/2/20,40.57
7/3/20,
7/6/20,40.51
7/7/20,40.59
7/8/20,40.91
7/9/20,39.64
7/10/20,40.56
7/13/20,40.06
7/14/20,40.3
7/15/20,41.2
7/16/20,40.74
7/17/20,40.55
7/20/20,40.83
7/21/20,41.76
7/22/20,41.88
7/23/20,40.99
7/24/20,41.23
7/27/20,41.46
7/28/20,40.89
7/29/20,41.13
7/30/20,39.85
7/31/20,40.1
8/3/20,40.83
8/4/20,41.67
8/5/20,42.25
8/6/20,41.93
8/7/20,41.16
8/10/20,41.94
8/11/20,41.53
8/12/20,42.6
8/13/20,42.26
8/14/20,42.05
8/17/20,42.89
8/18/20,42.89
8/19/20,42.91
8/20/20,42.62
8/21/20,42.32
8/24/20,42.44
8/25/20,43.17
8/26/20,43.21
8/27/20,42.88
8/28/20,42.96
8/31/20,42.61
9/1/20,42.76
9/2/20,42.76
9/3/20,41.39
9/4/20,39.69
9/7/20,
9/8/20,36.87
9/9/20,38.05
9/10/20,37.25
9/11/20,37.33
9/14/20,37.23
9/15/20,38.29
9/16/20,40.17
9/17/20,40.99
9/18/20,41.09
9/21/20,39.26
9/22/20,39.55
9/23/20,39.92
9/24/20,40.11
9/25/20,40.06
9/28/20,40.47
9/29/20,39.03
9/30/20,40.05
10/1/20,38.51
10/2/20,36.9
10/5/20,39.12
10/6/20,40.52
10/7/20,39.82
10/8/20,41.04
10/9/20,40.44
10/12/20,39.22
10/13/20,40.03
10/14/20,40.86
10/15/20,40.84
10/16/20,40.7
10/19/20,40.69
10/20/20,41.37
10/21/20,39.88
10/22/20,40.46
10/23/20,39.73
10/26/20,38.39
10/27/20,39.34
10/28/20,37.27
10/29/20,35.94
10/30/20,35.64
11/2/20,36.6
11/3/20,37.44
11/4/20,38.97
11/5/20,38.56
11/6/20,36.97
11/9/20,40.05
11/10/20,41.18
11/11/20,41.23
11/12/20,40.9
11/13/20,39.93
11/16/20,41.14
11/17/20,41.24
11/18/20,41.64
11/19/20,41.57
11/20/20,41.99
11/23/20,42.91
11/24/20,44.71
11/25/20,45.58
11/26/20,
11/27/20,
11/30/20,45.2
12/1/20,44.54
12/2/20,45.23
12/3/20,45.65
12/4/20,46.23
12/7/20,45.72
12/8/20,45.64
12/9/20,45.48
12/10/20,46.76
12/11/20,46.59
12/14/20,47.02
12/15/20,47.58
12/16/20,47.86
12/17/20,48.34
12/18/20,49.04
12/21/20,47.79
12/22/20,47.02
12/23/20,47.94
12/24/20,48.18
12/25/20,
12/28/20,47.5
12/29/20,47.85
12/30/20,48.24
12/31/20,48.35
1/1/21,
1/4/21,47.47
1/5/21,49.78
1/6/21,50.45
1/7/21,50.63
1/8/21,52.14
1/11/21,52.15
1/12/21,53.08
1/13/21,52.81
1/14/21,53.47
1/15/21,52.25
1/18/21,
1/19/21,52.87
1/20/21,53.16
1/21/21,53
1/22/21,52.28
1/25/21,52.78
1/26/21,52.61
1/27/21,52.81
1/28/21,52.26
1/29/21,52.16
2/1/21,53.55
2/2/21,54.77
2/3/21,55.67
2/4/21,56.19
2/5/21,56.8
2/8/21,57.95
2/9/21,58.34
2/10/21,58.69
2/11/21,58.22
2/12/21,59.5
2/15/21,
2/16/21,60.07
2/17/21,61.09
2/18/21,60.4
2/19/21,59.12
2/22/21,61.67
2/23/21,61.66
2/24/21,63.21
2/25/21,63.43
2/26/21,61.55
3/1/21,60.54
3/2/21,59.7
3/3/21,61.33
3/4/21,63.81
3/5/21,66.08
3/8/21,65.03
3/9/21,64.02
3/10/21,64.45
3/11/21,66.02
3/12/21,65.59
3/15/21,65.36
3/16/21,64.82
3/17/21,64.55
3/18/21,59.95
3/19/21,61.43
3/22/21,61.48
3/23/21,57.75
3/24/21,61.12
3/25/21,58.47
3/26/21,60.93
3/29/21,61.49
3/30/21,60.55
3/31/21,59.19
4/1/21,61.41
4/2/21,
4/5/21,58.73
4/6/21,59.34
4/7/21,59.77
4/8/21,59.61
4/9/21,59.29
4/12/21,59.7
4/13/21,60.2
4/14/21,63.15
4/15/21,63.42
4/16/21,63.16
4/19/21,63.33
4/20/21,62.61
4/21/21,61.34
4/22/21,61.45
4/23/21,62.18
4/26/21,62.02
4/27/21,63.03
4/28/21,63.81
4/29/21,65
4/30/21,63.5
5/3/21,64.46
5/4/21,65.72
5/5/21,65.63
5/6/21,64.73
5/7/21,64.96
5/10/21,64.92
5/11/21,65.31
5/12/21,65.96
5/13/21,63.82
5/14/21,65.32
5/17/21,66.24
5/18/21,65.49
5/19/21,63.28
5/20/21,61.95
5/21/21,63.61
5/24/21,66.13
5/25/21,66.27
5/26/21,66.41
5/27/21,66.87
5/28/21,66.31
5/31/21,
6/1/21,67.8
6/2/21,68.79
6/3/21,68.81
6/4/21,69.57
6/7/21,69.21
6/8/21,70.11
6/9/21,69.9
6/10/21,70.34
6/11/21,71
6/14/21,70.94
6/15/21,72.06
6/16/21,72.03
6/17/21,71.06
6/18/21,71.64
6/21/21,73.64
6/22/21,73.15
6/23/21,73.11
6/24/21,73.31
6/25/21,74.21
6/28/21,72.98
6/29/21,73.14
6/30/21,73.52
7/1/21,75.33
7/2/21,75.37
7/5/21,
7/6/21,73.62
7/7/21,72.22
7/8/21,72.98
7/9/21,74.56
7/12/21,74.21
7/13/21,75.24
7/14/21,73.06
7/15/21,71.67
7/16/21,71.76
7/19/21,66.45
7/20/21,67.32
7/21/21,70.26
7/22/21,72.15
7/23/21,72.24
7/26/21,72.15
7/27/21,71.68
7/28/21,72.37
7/29/21,73.62
7/30/21,73.93
8/2/21,71.31
8/3/21,70.64
8/4/21,68.19
8/5/21,69.1
8/6/21,68.26
8/9/21,66.56
8/10/21,68.33
8/11/21,69.3
8/12/21,69.12
8/13/21,68.36
8/16/21,67.44
8/17/21,66.5
8/18/21,65.36
8/19/21,63.69
8/20/21,62.25
8/23/21,65.65
8/24/21,67.5
8/25/21,68.54
8/26/21,67.42
8/27/21,68.84
8/30/21,69.28
8/31/21,68.43
9/1/21,68.63
9/2/21,70.07
9/3/21,69.34
9/6/21,
9/7/21,68.49
9/8/21,69.36
9/9/21,68.26
9/10/21,69.82
9/13/21,70.54
9/14/21,70.53
9/15/21,72.59
9/16/21,72.69
9/17/21,72.09
9/20/21,70.41
9/21/21,70.51
9/22/21,72.37
9/23/21,73.43
9/24/21,74.18
9/27/21,75.54
9/28/21,75.44
9/29/21,75.06
9/30/21,75.22
10/1/21,76.01
10/4/21,77.68
10/5/21,79.17
10/6/21,77.66
10/7/21,78.46
10/8/21,79.55
10/11/21,80.64
10/12/21,80.75
10/13/21,80.67
10/14/21,81.43
10/15/21,82.39
10/18/21,82.62
10/19/21,83.19
10/20/21,84.4
10/21/21,82.64
10/22/21,84.53
10/25/21,84.64
10/26/21,85.64
10/27/21,82.66
10/28/21,82.78
10/29/21,83.5
11/1/21,84.08
11/2/21,83.91
11/3/21,80.82
11/4/21,78.88
11/5/21,81.25
11/8/21,81.96
11/9/21,84.12
11/10/21,81.23
11/11/21,81.47
11/12/21,80.87
11/15/21,80.85
11/16/21,80.76
11/17/21,78.32
11/18/21,78.92
11/19/21,76.11
11/22/21,76.74
11/23/21,78.32
11/24/21,78.32
11/25/21,
11/26/21,
11/29/21,69.88
11/30/21,66.14
12/1/21,65.44
12/2/21,66.6
12/3/21,66.39
12/6/21,69.62
12/7/21,71.94
12/8/21,72.43
12/9/21,70.87
12/10/21,71.71
12/13/21,71.19
12/14/21,70.57
12/15/21,70.89
12/16/21,72.34
12/17/21,70.93
12/20/21,68.69
12/21/21,71.1
12/22/21,72.82
12/23/21,73.89
12/24/21,
12/27/21,75.49
12/28/21,76.01
12/29/21,76.58
12/30/21,76.83
12/31/21,75.33
1/3/22,75.99
1/4/22,77
1/5/22,77.83
1/6/22,79.47
1/7/22,79
1/10/22,78.11
1/11/22,81.17
1/12/22,82.51
1/13/22,81.97
1/14/22,83.82
1/17/22,
1/18/22,85.42
1/19/22,86.84
1/20/22,86.29
1/21/22,85.16
1/24/22,84.48
1/25/22,86.61
1/26/22,88.33
1/27/22,87.61
1/28/22,87.67
1/31/22,89.16
2/1/22,88.22
2/2/22,88.16
2/3/22,90.17
2/4/22,92.27
2/7/22,91.25
2/8/22,89.32
2/9/22,89.57
2/10/22,89.83
2/11/22,93.1
2/14/22,95.52
2/15/22,92.07
2/16/22,93.83
2/17/22,91.78
2/18/22,91.26
2/21/22,
2/22/22,92.11
2/23/22,92.14
2/24/22,92.77
2/25/22,91.68
2/28/22,96.13
3/1/22,103.66
3/2/22,110.74
3/3/22,107.69
3/4/22,115.77
3/7/22,119.26
3/8/22,123.64
3/9/22,108.81
3/10/22,105.93
3/11/22,109.31
3/14/22,103.22
3/15/22,96.42
3/16/22,94.85
3/17/22,102.97
3/18/22,104.69
3/21/22,112.14
3/22/22,111.03
3/23/22,114.89
3/24/22,114.2
3/25/22,116.2
3/28/22,107.55
3/29/22,104.25
3/30/22,107.81
3/31/22,100.53
4/1/22,99.32
4/4/22,103.29
4/5/22,101.98
4/6/22,96.39
4/7/22,96.05
4/8/22,98.35
4/11/22,94.22
4/12/22,100.52
4/13/22,104.26
4/14/22,106.84
4/15/22,
4/18/22,108.24
4/19/22,102.54
4/20/22,102.56
4/21/22,103.89
4/22/22,102.86
4/25/22,99.6
4/26/22,102.62
4/27/22,101.96
4/28/22,105.47
4/29/22,104.59
5/2/22,105.18
5/3/22,102.53
5/4/22,107.84
5/5/22,108.17
5/6/22,109.72
5/9/22,103.08
5/10/22,99.74
5/11/22,105.5
5/12/22,106.15
5/13/22,110.52
5/16/22,114.07
5/17/22,112.31
5/18/22,109.67
5/19/22,112.21
5/20/22,112.63
5/23/22,110.32
5/24/22,112.55
5/25/22,112.88
5/26/22,116.19
5/27/22,114.96
5/30/22,
5/31/22,114.38
6/1/22,115.26
6/2/22,116.88
6/3/22,118.97
6/6/22,118.41
6/7/22,119.55
6/8/22,121.94
6/9/22,121.52
6/10/22,120.73
6/13/22,120.92
6/14/22,118.92
6/15/22,115.32
6/16/22,117.56
6/17/22,109.56
6/20/22,
6/21/22,110.49
6/22/22,106.22
6/23/22,105.75
6/24/22,109.07
6/27/22,111.44
6/28/22,113.66
6/29/22,111.65
6/30/22,107.76
7/1/22,110.3
7/4/22,
7/5/22,101.55
7/6/22,100.31
7/7/22,104.62
7/8/22,106.78
7/11/22,106.09
7/12/22,97.69
7/13/22,98.44
7/14/22,97.79
7/15/22,99.59
7/18/22,104.48
7/19/22,106.12
7/20/22,104.45
7/21/22,98.44
7/22/22,97.71
7/25/22,99.83
7/26/22,97.74
7/27/22,100.03
7/28/22,99.11
7/29/22,101.31
8/1/22,96.59
8/2/22,97.14
8/3/22,93.25
8/4/22,91.29
8/5/22,91.77
8/8/22,93.52
8/9/22,93.18
8/10/22,94.68
8/11/22,97.02
8/12/22,94.86
8/15/22,92.24
8/16/22,89.23
8/17/22,90.85
8/18/22,93.2
8/19/22,93.55
8/22/22,93.42
8/23/22,96.46
8/24/22,95.52
8/25/22,93.33
8/26/22,93.63
8/29/22,97.4
8/30/22,92.08
8/31/22,90.09
9/1/22,87.09
9/2/22,87.29
9/5/22,
9/6/22,87.35
9/7/22,82.5
9/8/22,84.04
9/9/22,87.27
9/12/22,88.18
9/13/22,87.84
9/14/22,88.88
9/15/22,85.72
9/16/22,85.57
9/19/22,86.15
9/20/22,84.69
9/21/22,83.38
9/22/22,84.02
9/23/22,79.07
9/26/22,77.17
9/27/22,78.91
9/28/22,82.61
9/29/22,81.78
9/30/22,79.91
10/3/22,84.05
10/4/22,86.87
10/5/22,88.22
10/6/22,88.9
10/7/22,93.07
10/10/22,91.6
10/11/22,89.75
10/12/22,87.83
10/13/22,89.59
10/14/22,86.1
10/17/22,86
10/18/22,83.29
10/19/22,86
10/20/22,86.02
10/21/22,85.47
10/24/22,86.12
10/25/22,86.93
10/26/22,89.39
10/27/22,89.06
10/28/22,87.85
10/31/22,86.54
11/1/22,88.36
11/2/22,90.06
11/3/22,88.14
11/4/22,92.58
11/7/22,91.8
11/8/22,88.8
11/9/22,85.79
11/10/22,86.52
11/11/22,89.14
11/14/22,85.85
11/15/22,86.87
11/16/22,85.62
11/17/22,81.69
11/18/22,80.07
11/21/22,79.74
11/22/22,80.83
11/23/22,77.93
11/24/22,
11/25/22,76.45
11/28/22,77.1
11/29/22,77.96
11/30/22,80.48
12/1/22,81.06
12/2/22,79.86
12/5/22,76.83
12/6/22,74.21
12/7/22,71.93
12/8/22,71.3
12/9/22,71.05
12/12/22,72.96
12/13/22,75.44
12/14/22,77.14
12/15/22,75.89
12/16/22,74.19
12/19/22,75.05
12/20/22,75.92
12/21/22,78.17
12/22/22,77.68
12/23/22,79.57
12/26/22,
12/27/22,79.45
12/28/22,78.89
12/29/22,78.43
12/30/22,80.16
1/2/23,
1/3/23,76.87
1/4/23,72.82
1/5/23,73.61
1/6/23,73.77
1/9/23,74.69
1/10/23,75.11
1/11/23,77.46
1/12/23,78.32
1/13/23,79.9
1/16/23,
1/17/23,80.25
1/18/23,79.53
1/19/23,80.31
1/20/23,81.27
1/23/23,81.62
1/24/23,79.86
1/25/23,79.78
1/26/23,80.64
1/27/23,79.73
1/30/23,77.97
1/31/23,78.95
2/1/23,76.34
2/2/23,75.87
2/3/23,73.4
2/6/23,74.11
2/7/23,77.17
2/8/23,78.47
2/9/23,78.04
2/10/23,79.74
2/13/23,80.14
2/14/23,79.08
2/15/23,78.57
2/16/23,78.45
2/17/23,76.31
2/20/23,
2/21/23,76.28
2/22/23,73.95
2/23/23,75.26
2/24/23,76.19
2/27/23,75.57
2/28/23,76.88
3/1/23,77.57
3/2/23,78.05
3/3/23,79.62
3/6/23,80.39
3/7/23,77.45
3/8/23,76.56
3/9/23,75.6
3/10/23,76.55
3/13/23,74.68
3/14/23,71.18
3/15/23,67.38
3/16/23,68.15
3/17/23,66.61
3/20/23,67.56
3/21/23,69.4
3/22/23,70.71
3/23/23,69.77
3/24/23,69.22
3/27/23,72.87
3/28/23,73.12
3/29/23,72.95
3/30/23,74.32
3/31/23,75.68
4/3/23,80.4
4/4/23,80.7
4/5/23,80.69
4/6/23,80.7
4/7/23,
4/10/23,79.79
4/11/23,81.54
4/12/23,83.26
4/13/23,82.16
4/14/23,82.58
4/17/23,80.93
4/18/23,80.85
4/19/23,79.18
4/20/23,77.27
4/21/23,77.86
4/24/23,78.64
4/25/23,77.05
4/26/23,74.33
4/27/23,74.77
4/28/23,76.78
5/1/23,75.65
5/2/23,71.71
5/3/23,68.62
5/4/23,68.52
5/5/23,71.32
5/8/23,73.13
5/9/23,73.68
5/10/23,72.53
5/11/23,70.81
5/12/23,70.02
5/15/23,71.07
5/16/23,70.85
5/17/23,72.78
5/18/23,71.82
5/19/23,71.57
5/22/23,71.81
5/23/23,72.87
5/24/23,74.37
5/25/23,71.68
5/26/23,72.35
5/29/23,
5/30/23,69.45
5/31/23,68.11
6/1/23,70.09
6/2/23,71.76
6/5/23,72.14
6/6/23,71.71
6/7/23,72.52
6/8/23,71.28
6/9/23,70.16
6/12/23,67.08
6/13/23,69.39
6/14/23,68.22
6/15/23,70.61
6/16/23,71.81
6/19/23,
6/20/23,70.94
6/21/23,72.55
6/22/23,69.22
6/23/23,68.91
6/26/23,69.09
6/27/23,67.68
6/28/23,69.54
6/29/23,69.85
6/30/23,70.66
7/3/23,69.71
7/4/23,
7/5/23,71.78
7/6/23,71.76
7/7/23,73.91
7/10/23,73.05
7/11/23,74.87
7/12/23,75.77
7/13/23,76.86
7/14/23,75.44
7/17/23,74.17
7/18/23,75.76
7/19/23,75.4
7/20/23,75.65
7/21/23,77.06
7/24/23,78.81
7/25/23,79.76
7/26/23,79.11
7/27/23,80.17
7/28/23,80.55
7/31/23,81.8
8/1/23,81.37
8/2/23,79.5
8/3/23,81.56
8/4/23,82.76
8/7/23,81.94
8/8/23,82.94
8/9/23,84.35
8/10/23,82.81
8/11/23,83.17
8/14/23,82.5
8/15/23,81.06
8/16/23,79.4
8/17/23,80.43
8/18/23,81.25