tmax(degC),tmin(degC),ppt(mm),pet(mm),ws(mps),srad(W/m^2),q(mm),Date
30.43,20.29,232.9,115.3,1.67,207.70504,117.7,1958-01
31.2,20.92,89.1,115.4,1.41,228.94287,4.5,1958-02
31.97,21.03,179.7,135.1,1.33,238.41747,25.1,1958-03
32.69,21.6,177.1,123.5,1.17,218.47599,53.6,1958-04
32.37,22.1,295,129,1.27,226.1501,166,1958-05
32.4,20.91,150.8,123.3,1.47,223.46136,27.5,1958-06
32.37,20.54,59.1,122,1.28,212.99449,3,1958-07
31.4,20.5,197.6,128.2,1.69,226.25413,27.8,1958-08
31.83,20.87,122.8,112.4,1.35,204.41613,10.4,1958-09
30.91,20.95,371.1,113.9,1.33,203.41586,257.2,1958-10
30.83,21.49,285.6,90,1.22,156.75504,195.6,1958-11
30.69,20.17,123.7,110.6,1.38,200.62309,13.1,1958-12
30.09,20.29,133.7,114.2,1.92,206.02457,19.5,1959-01
31.71,21.02,83,124.3,1.64,248.63628,4.1,1959-02
31.83,20.94,240.7,137.7,1.32,246.72375,74.2,1959-03
31.59,21.25,241.6,113.2,1.3,197.58226,128.4,1959-04
31.73,21.34,281.4,107.6,1.1,184.91478,173.8,1959-05
31.9,21.05,173.1,112.3,1.37,204.00802,60.8,1959-06
31.46,20.48,107.2,108.3,1.48,184.81875,5.4,1959-07
31.1,20.45,163.1,121.3,1.84,213.05851,37.7,1959-08
31.37,20.48,212.3,105.5,1.39,191.5486,106.8,1959-09
30.7,20.75,392.8,98,1.39,169.3425,294.8,1959-10
31.22,21.74,345.6,96.4,1.1,173.95977,249.2,1959-11
30.54,20.46,304.7,101.2,1.47,178.38498,203.5,1959-12
29.88,20.33,265.3,112.6,1.68,203.81597,152.7,1960-01
30.56,21.12,110.5,110.3,1.59,217.47572,5.5,1960-02
32.17,20.59,206,131.4,1.19,231.43955,71.2,1960-03
31.69,21.29,280.2,117.6,1.26,207.40895,162.6,1960-04
32.02,21.29,194.9,117.7,1.04,205.71249,77.2,1960-05
31.7,20.65,86.1,118.9,1.44,217.87583,4.3,1960-06
31.42,20.73,188.3,116.8,1.15,208.10515,48,1960-07
31.8,20.75,150.9,126,1.46,222.36506,24.9,1960-08
31.53,20.73,207.8,110.9,1.18,202.31956,96.9,1960-09
31.2,20.8,253.4,104.9,1.15,182.77819,148.5,1960-10
30.97,21.79,372.1,94.6,0.98,170.21474,277.5,1960-11
30.03,20.56,328.5,96.9,1.21,171.80718,231.6,1960-12
29.48,20.13,236.1,111.9,1.69,206.42468,124.2,1961-01
30.86,20.82,157.7,105.9,1.42,208.12115,51.8,1961-02
31.77,21.09,232.5,135.6,1.1,245.00328,96.9,1961-03
31.39,21.34,292.8,120.3,1.06,219.61231,172.5,1961-04
31.82,21.24,153.4,113.1,1.14,196.32591,40.3,1961-05
31.54,20.35,128.1,111.9,1.26,204.72022,16.2,1961-06
31.76,19.98,174.1,114.9,1.31,199.9269,59.2,1961-07
31.5,20.45,165.7,121.1,1.56,212.01822,44.6,1961-08
31.22,20.03,229.2,107.2,1.25,193.92525,122,1961-09
30.6,20.4,232.8,103.9,1.21,182.93023,128.9,1961-10
31.33,21.48,230.7,97.8,0.85,179.43327,132.9,1961-11
29.59,20.56,298.1,87,1.18,150.74539,211.1,1961-12
28.78,20.43,212.2,104.4,1.53,193.22906,107.8,1962-01
30.51,20.23,61.6,112.7,1.73,222.17301,3.1,1962-02
30.93,20.88,271.2,123.5,1.1,221.87693,113.4,1962-03
31.69,21.09,292.7,120.5,1.02,218.98813,172.2,1962-04
32.02,21.29,259.2,117.3,1.13,203.96801,141.9,1962-05
31.8,20.1,170.9,122.3,1.26,226.64624,48.6,1962-06
31.71,20.33,104.5,111.8,1.31,193.53314,5.2,1962-07
30.84,19.9,314.7,114.7,1.36,200.88716,192.1,1962-08
31.12,20.57,187.7,103.8,1.15,190.24424,83.9,1962-09
30.46,20.8,374.5,100.3,1.19,175.43217,274.2,1962-10
31.57,21.64,301.2,100.6,0.97,182.59414,200.6,1962-11
29.89,20.42,242.2,97.9,1.31,172.64741,144.3,1962-12
28.44,19.63,199.6,105.2,1.69,195.32564,94.4,1963-01
30.01,20.17,64.4,106,1.68,210.73787,3.2,1963-02
31.68,20.79,102.6,133.4,1.24,241.17823,5.1,1963-03
32.69,21.05,82.5,128.9,1.14,232.76792,4.1,1963-04
32.27,21.25,303.4,119.3,1.11,207.04085,129.4,1963-05
32,20.61,75.4,106.1,1.29,187.31544,3.8,1963-06
31.91,20.63,138.9,107.3,1.32,181.30579,9.8,1963-07
31.35,20.55,179.9,107.5,1.55,180.30551,72.4,1963-08
31.37,20.97,196.5,93.7,1.22,165.28539,102.8,1963-09
30.6,20.8,351.8,93.7,1.33,158.57955,258.1,1963-10
31.67,21.64,400.3,83.2,0.98,141.75893,317.1,1963-11
30.43,20.36,224.6,97.8,1.22,171.39907,126.8,1963-12
30.63,20.54,185.2,110.4,1.59,195.2056,74.8,1964-01
30.46,21.41,145.5,104.3,1.53,201.23926,41.2,1964-02
31.43,21.18,151.1,135.1,1.27,240.79412,16,1964-03
31.79,21.54,222.7,115.7,0.93,207.36894,107,1964-04
31.77,21.3,183.3,121,1.1,212.11425,62.3,1964-05
31.6,20.46,202.8,110,1.28,196.78204,92.8,1964-06
31.06,20.29,329.6,106.1,1.23,181.85794,223.5,1964-07
31.45,19.9,131.7,124.5,1.46,219.2362,7.2,1964-08
31.12,20.62,223.5,101.5,1.35,181.75391,122,1964-09
30.45,20.51,283.8,101.6,1.18,176.41644,182.2,1964-10
31.17,21.54,236.3,92.9,1.06,163.95702,143.4,1964-11
29.64,19.82,225.9,96.5,1.29,169.6946,129.4,1964-12
29.78,18.99,42,122.5,1.81,225.63796,2.1,1965-01
30.61,20.67,84,102.5,1.47,200.36702,4.2,1965-02
31.38,20.63,153.4,128.5,1.28,228.3427,7.7,1965-03
31.35,20.89,237.3,110.5,1.03,197.07812,89.9,1965-04
31.37,21.19,271.5,115.1,1.16,202.4716,156.4,1965-05
31.8,20.55,87.1,106.3,1.39,188.48376,4.4,1965-06
31.46,20.28,116.3,107,1.25,183.29033,5.8,1965-07
31.29,20.14,268.9,115.8,1.5,200.56708,141.7,1965-08
31.03,20.32,225.4,110.3,1.31,203.86398,115.1,1965-09
30.75,20.74,378.3,101.5,1.23,177.89685,276.8,1965-10
31.67,21.74,296,95.4,0.98,170.00668,200.6,1965-11
29.74,20.6,335.4,90.1,1.34,154.92254,245.3,1965-12
29.58,20.38,280.8,103.7,1.81,182.99425,177.1,1966-01
31,21.12,117.6,110,1.53,214.63494,7.6,1966-02
31.87,20.99,205.5,136.6,1.31,241.69837,68.9,1966-03
32.08,21.49,296.4,121.4,1.08,217.32368,175,1966-04
31.82,21.19,133.4,125.9,1.37,220.01242,7.5,1966-05
31.35,20.5,259.6,117.6,1.39,217.52373,142,1966-06
31.26,20.44,186.3,126.9,1.6,228.16665,59.4,1966-07
31.15,20.41,270.1,130.4,1.73,234.33635,139.7,1966-08
31.53,20.43,244.9,114,1.4,208.6653,130.9,1966-09
30.5,20.7,382.1,112.9,1.35,202.79169,269.2,1966-10
31.47,21.44,340.6,98.7,1.14,176.32842,241.9,1966-11
29.79,20.41,425,96,1.44,168.66231,329,1966-12
28.78,20.03,337.2,105,1.72,192.13276,232.2,1967-01
29.8,20.67,199.7,106.3,1.48,213.42661,93.4,1967-02
31.53,20.48,182.1,140,1.33,252.54135,42.1,1967-03
31.49,20.8,250.3,124.5,1.06,227.78255,125.8,1967-04
31.32,21.05,266.9,111.4,1.26,191.63662,155.5,1967-05
31.45,20.35,164.1,111.1,1.49,199.85488,53,1967-06
31.36,20.44,128.7,106.4,1.16,184.30661,22.3,1967-07
31.34,20.25,141.6,114.4,1.48,196.58998,27.2,1967-08
31.32,20.33,202.6,106.6,1.17,193.51714,96,1967-09
30.76,20.3,366.1,99.3,1.22,169.84664,266.8,1967-10
31.06,21.64,395.7,84.1,0.89,146.47222,311.6,1967-11
29.78,20.16,141.8,103.6,1.35,186.68326,38.2,1967-12
29.62,19.74,149,115.3,1.58,210.72987,33.7,1968-01
31.41,19.68,91.4,123.2,1.53,244.41912,4.6,1968-02
31.93,20.63,137.7,129.5,1.46,223.31732,6.9,1968-03
31.79,20.99,188.3,125.1,0.99,228.56676,41.5,1968-04
31.47,20.89,365.8,110.1,1.1,188.73983,255.7,1968-05
31.8,20.6,207.5,105.5,1.14,188.93188,102,1968-06
31.36,20.43,148.5,118,1.06,211.226,30.5,1968-07
31.45,20.45,147,122,1.3,216.17936,25,1968-08
31.28,20.43,209.8,107.7,1.22,194.87751,102.1,1968-09
30.41,20.55,358,105,1.2,185.17085,253,1968-10
32.06,21.44,181.1,94.9,0.99,166.44571,86.2,1968-11
29.98,20.41,356.2,97.2,1.25,169.7106,259,1968-12
30.23,20.34,245.2,108.6,1.51,196.38993,136.6,1969-01
31.45,20.62,96.6,119.1,1.42,238.21741,4.8,1969-02
32.52,21.09,162.1,133.7,1.26,235.40064,11.1,1969-03
32.43,21.49,223.1,124.5,1.06,225.0458,98.6,1969-04
32.11,21.6,375.8,121.9,1,216.49945,253.9,1969-05
31.7,20.81,157.2,109.2,1.17,199.39875,48,1969-06
31.71,20.54,100,114.7,1.5,199.1987,5,1969-07
31.24,20.15,292.8,111.1,1.5,190.14821,169.2,1969-08
31.62,20.43,166.3,106.9,1.2,195.68574,59.4,1969-09
31,20.65,326.3,101.8,1.29,176.37643,224.5,1969-10
30.77,21.74,277.8,88.9,1.07,158.17143,188.9,1969-11
29.79,20.36,233.9,91.8,1.27,162.39659,142.1,1969-12
29.89,20.48,355,107.8,1.52,194.24534,247.2,1970-01
31.26,20.62,39.8,116,1.45,228.37471,2,1970-02
32.23,20.99,152.7,125.7,1.21,216.26739,7.6,1970-03
31.84,21.54,233.1,121,1.07,216.56347,84.3,1970-04
31.81,21.3,311.6,121.2,1.16,211.70613,190.4,1970-05
31.8,20.81,123.5,112.6,1.29,203.86398,10.9,1970-06
31.26,20.33,137.9,113.6,1.22,199.00665,24.3,1970-07
31.65,20.35,160,122.7,1.57,213.19454,37.3,1970-08
31.02,20.33,249.6,106.6,1.17,194.04528,143,1970-09
30.5,20.8,286.9,106.4,1.31,188.58779,180.5,1970-10
31.32,21.64,287.9,98.3,0.88,178.86512,189.6,1970-11
29.88,20.36,375.9,92.7,1.11,161.70841,283.2,1970-12
28.88,19.88,430.9,101.3,1.5,183.38636,329.6,1971-01
30,20.02,115.8,107.2,1.12,217.86783,8.6,1971-02
31.13,20.33,137.1,125.7,1.07,225.88603,11.4,1971-03
32.33,20.79,115.8,132.5,0.94,245.70747,5.8,1971-04
31.72,20.79,155.1,119.5,1.06,209.34549,21.4,1971-05
31.6,20.11,120.8,111.7,1.1,204.19207,9.1,1971-06
31.56,20.13,165.6,115.1,1.02,204.39213,50.5,1971-07
30.74,19.75,264.7,109.5,1.28,189.22796,155.2,1971-08
31.47,20.57,211.6,103.5,1.19,186.85131,108.1,1971-09
30.76,20.5,191.5,105.8,1.23,184.77074,85.7,1971-10
31.02,21.19,327.7,90.1,0.96,158.61956,237.6,1971-11
28.89,20.51,389,85.8,1.35,149.50505,303.2,1971-12
29.58,19.14,112.3,120.1,1.45,224.98178,5.6,1972-01
30.95,20.72,159.2,114.8,1.25,233.17603,35.9,1972-02
31.73,20.44,80.4,136.4,0.96,249.06039,4,1972-03
31.39,20.94,280,127.4,1,237.67326,114.7,1972-04
32.07,21.04,184.5,122.8,0.93,219.98841,61.7,1972-05
31.7,20.91,145.3,109.6,1.31,198.01437,35.7,1972-06
32.26,21.04,53.9,124.6,1.32,220.78863,2.7,1972-07
31.94,20.45,154.8,118.4,1.45,201.80742,7.7,1972-08
31.32,20.73,252.7,97.8,1.19,173.53565,137.2,1972-09
31.46,20.8,289.9,104.8,1.14,181.7299,185.1,1972-10
31.97,21.84,392.9,87.9,0.85,152.75395,305,1972-11
30.28,20.72,249.2,102,2.07,175.5362,147.2,1972-12
30.43,20.39,165.2,110.9,1.64,198.87861,54.3,1973-01
31.75,21.52,110.6,118.5,1.47,232.39982,5.5,1973-02
31.83,21.14,141.4,124.8,1.1,216.58747,8.1,1973-03
31.99,21.9,270.5,117.3,0.87,212.10624,153.2,1973-04
31.61,21.18,385.5,116.7,1,204.24809,268.8,1973-05
31.85,20.96,174.9,107.9,1.1,195.69374,67,1973-06
31.76,20.83,108.7,108,1.1,186.24314,5.4,1973-07
31.4,20.55,180.7,110,1.32,188.03563,67.7,1973-08
31.07,20.63,189,103,1.12,186.8353,86,1973-09
30.8,20.84,366.1,96.6,1.2,165.3494,269.5,1973-10
31.27,21.89,321.6,90.5,0.95,160.37204,231.1,1973-11
28.79,20.06,317.8,93.9,2.12,163.35686,223.9,1973-12
28.98,19.24,106,109.2,1.64,198.50251,5.3,1974-01
29.86,20.67,165.3,113.1,1.47,231.9597,46.9,1974-02
31.63,20.14,87.1,122.9,1.1,216.17136,4.4,1974-03
31.34,21.24,289.8,115.7,0.87,211.70613,148.7,1974-04
31.27,20.85,311.3,115.4,1,203.86398,195.9,1974-05
31.5,20.41,160.9,107.3,1.1,195.32564,53.6,1974-06
31.41,20.19,160.4,107.4,1.1,185.89105,53,1974-07
31.7,20.65,77.9,110.1,1.32,187.67554,3.9,1974-08
30.82,20.27,328.9,102.9,1.12,186.48321,203.2,1974-09
31.25,20.76,126.4,97.4,1.2,165.03732,29,1974-10
31.36,21.64,209.9,93.7,1.04,164.74124,116.2,1974-11
30.38,19.91,274.1,88.9,1.22,147.8566,185.2,1974-12
29.59,19.93,284.5,108.9,1.38,201.67138,175.6,1975-01
30.35,20.52,150.7,110,1.32,220.94867,40.7,1975-02
31.17,20.43,237.1,136.7,1.29,247.49196,100.4,1975-03
31.69,21.24,220,120.9,0.94,221.94895,99.1,1975-04
31.27,20.84,224.6,114.9,0.99,202.66365,109.7,1975-05
30.96,20.31,132.7,108.1,1.3,197.89434,24.6,1975-06
30.96,19.83,212.9,116.1,1.11,208.92137,96.8,1975-07
31.49,20.25,120.8,118.2,1.26,208.72932,6,1975-08
30.88,20.23,228.1,98.7,1.06,177.41672,127.3,1975-09
30.9,20.35,167.1,111.4,1.2,198.0944,55.7,1975-10
30.72,21.24,272.6,96.5,0.92,176.12836,176.1,1975-11
29.14,19.81,344.1,102.1,1.14,188.6518,242,1975-12
29.38,18.74,88.8,103.6,1.67,180.6416,4.4,1976-01
31.1,19.78,53.5,107.6,1.39,211.68213,2.7,1976-02
31.82,20.39,161.3,129.8,1.11,232.7119,8.1,1976-03
31.68,20.7,207.8,125.5,1.09,230.40727,61.4,1976-04
31.57,20.8,129.3,118.1,1.3,206.27264,11.2,1976-05
31.5,20.11,220.6,105.3,1.65,183.34635,115.3,1976-06
31.5,20.28,175.1,117.9,1.41,208.88136,57.2,1976-07
31.35,20.05,229.9,125.2,1.72,219.89238,104.7,1976-08
31.12,20.38,136.8,105.1,1.34,191.5566,31.7,1976-09
30.7,20.6,328.5,110.3,1.44,196.56598,218.2,1976-10
30.82,21.54,202.7,89.9,1.13,158.61155,112.8,1976-11
30.09,20.31,224.7,92.9,1.44,161.01221,131.8,1976-12
30.33,19.69,142.2,121.7,1.7,221.01269,20.5,1977-01
29.86,20.62,136.4,113,1.5,229.67907,23.4,1977-02
31.62,20.63,66.2,138.7,1.45,248.80432,3.3,1977-03
32.59,21.3,128.6,126.2,1.2,225.29387,6.4,1977-04
32.17,20.89,181.6,126.8,1.47,218.22793,9.1,1977-05
31.9,20.41,200.8,111.5,1.36,199.90289,86.5,1977-06
31.91,20.64,76.8,115.2,1.22,201.59136,3.8,1977-07
31.24,20.15,165.5,118.9,1.44,207.16889,19.9,1977-08
31.62,20.72,161.4,107.9,1.32,195.22161,53.5,1977-09
31,20.8,478.5,103.6,1.21,179.97742,374.9,1977-10
31.37,21.59,291.1,87.5,0.9,153.09004,203.6,1977-11
30.79,20.66,193.1,96.4,1.25,166.53373,96.7,1977-12
30.33,20.43,206.4,114.5,1.57,204.91227,91.9,1978-01
31.51,20.92,92.1,105.9,1.46,199.38275,4.6,1978-02
32.17,21.23,158.4,139.9,1.44,243.76294,7.9,1978-03
32.09,21.09,216.6,133.8,1.08,243.56288,81.7,1978-04
31.93,21.5,219.8,124.9,1.12,219.40425,94.9,1978-05
31.76,20.61,116.5,109.9,1.2,196.82205,6.6,1978-06
31.36,20.34,128.1,119.2,1.54,207.08086,8.9,1978-07
31.7,20.65,72.4,117.4,1.54,200.37502,3.6,1978-08
31.22,20.43,140.5,110.4,1.28,199.97491,7,1978-09
30.85,20.6,288.9,96.6,1.16,164.18108,184.7,1978-10
31.66,21.54,260.6,97.8,0.92,174.4399,162.8,1978-11
30.48,20.26,188.7,101.2,1.37,176.21639,87.5,1978-12
30.53,19.89,107.6,116.9,1.76,209.65757,5.4,1979-01
31.56,20.78,151.3,110,1.43,214.17081,32,1979-02
32.77,21.04,122.7,138.8,1.37,243.05074,6.1,1979-03
31.98,21.44,246.6,115.6,0.83,209.25746,116.9,1979-04
32.57,21.19,132.8,128.2,1.32,224.39762,6.6,1979-05
31.9,20.85,248.7,109,1.31,196.22188,138.4,1979-06
31.46,20.54,206.8,111.5,1.39,193.013,95.3,1979-07
32.14,20.6,118.1,119.4,1.61,204.44814,5.9,1979-08
31.52,20.57,259.6,107.3,1.33,193.91725,147.7,1979-09
31.05,20.75,288,104.2,1.28,182.09,183.8,1979-10
31.07,21.8,349.8,85.2,1.14,146.48823,264.6,1979-11
30.88,20.11,98.7,104.1,1.36,182.98625,4.9,1979-12
30.43,19.89,177,107.9,1.61,189.12393,62.6,1980-01
31.26,20.82,105.8,108.2,1.52,208.16916,5.3,1980-02
32.22,20.94,156.2,130.5,1.15,228.11864,20.9,1980-03
31.99,21.54,154.7,124.1,1.17,221.7649,30.6,1980-04
32.16,21.6,285.7,120.9,1.38,206.68075,164.8,1980-05
31.95,21.05,210.3,111.3,1.38,198.35047,99,1980-06
31.86,20.64,184.9,115.7,1.24,201.12723,69.2,1980-07
31.05,20,230.9,119.9,1.59,208.36922,111,1980-08
31.57,20.53,202.3,109.2,1.54,196.75803,93.1,1980-09
31.24,21,296.7,105.1,1.3,181.38581,191.6,1980-10
31.51,21.59,290.7,93.8,0.99,164.81326,196.9,1980-11
29.63,20.32,304,88.3,1.22,151.71366,215.7,1980-12
29.52,19.74,156.5,106.2,1.7,190.02018,50.3,1981-01
30.7,20.92,187.4,104.9,1.47,206.13661,82.5,1981-02
32.47,20.93,66.5,141.4,1.66,246.1796,3.3,1981-03
31.78,21.4,263.9,117.5,0.98,211.84217,99.2,1981-04
31.61,21.14,307.3,115.8,1.05,204.13606,191.5,1981-05
32.6,20.81,111.1,119.6,1.5,216.25138,5.6,1981-06
32.06,20.44,82,123.5,1.51,215.14708,4.1,1981-07
32.74,20.5,112.2,135,2.04,230.56731,5.6,1981-08
31.32,20.78,256,108.5,1.5,195.9258,100.3,1981-09
31.24,21,237.8,108.5,1.38,190.62034,129.3,1981-10
31.57,21.8,226.2,97.9,1.13,173.79973,128.3,1981-11
30.09,20.26,139.3,96.3,1.56,167.38997,43,1981-12
30.23,19.74,62.4,114.4,1.94,201.85543,3.1,1982-01
31.25,20.88,82.2,111.9,1.54,218.42798,4.1,1982-02
31.97,21.04,180.2,132.6,1.31,233.60015,9,1982-03
31.24,21.16,344.1,120.6,1.06,220.3245,213.3,1982-04
31.81,21.3,252.4,116.4,1.29,202.05548,136,1982-05
32,21.01,79.2,118.8,1.75,214.03477,4,1982-06
31.56,20.39,141,122.4,1.69,213.73069,7.1,1982-07
31.45,20.36,204.9,116.2,1.61,200.35902,72.7,1982-08
31.77,20.73,201.1,109.5,1.49,196.86206,91.6,1982-09
31.1,20.4,322.8,107.4,1.3,186.28315,215.4,1982-10
32.16,21.74,275.7,100.8,0.99,181.08973,174.9,1982-11
30.33,20.82,191.2,94.1,1.49,161.22027,97.1,1982-12
30.33,20.69,121.6,106,1.89,185.97107,15.6,1983-01
32.25,21.32,57.5,120.5,1.75,230.03917,2.9,1983-02
33.18,21.79,94.2,145.1,1.63,247.78804,4.7,1983-03
33.44,22.1,101,146.6,1.53,259.15916,5,1983-04
32.56,21.75,177.7,115.8,1.19,194.24534,8.9,1983-05
32.39,21.21,136.5,110.6,1.38,195.04556,20.3,1983-06
31.96,20.84,167.8,115.1,1.4,197.43822,52.7,1983-07
31.54,20.76,247.8,113.7,1.49,194.64545,134.1,1983-08
31.32,20.53,290.7,106.8,1.52,191.5486,183.9,1983-09
31.3,20.96,170,114.7,1.55,202.02348,55.3,1983-10
31.97,21.75,262.5,100.6,1.39,173.99978,161.9,1983-11
29.14,20.42,203.1,82.5,1.34,139.00617,120.6,1983-12
28.73,20.08,336.6,87,1.47,150.4173,249.6,1984-01
29.1,20.77,244.7,89.8,1.5,175.64023,154.9,1984-02
30.93,20.89,230.3,115.8,1.18,206.08059,114.5,1984-03
31.49,21.3,217.8,114.4,0.97,208.89736,103.4,1984-04
31.37,20.95,326.9,108.9,1.05,190.1082,218,1984-05
31.65,20.47,171.6,103.2,1.3,185.38691,68.4,1984-06
31.25,20.18,235.4,105.3,1.09,184.48266,130.1,1984-07
31.94,20.41,87.1,113.5,1.53,193.7252,4.4,1984-08
31.28,20.08,167.6,97.9,1.27,173.42362,50.3,1984-09
31.24,20.6,227.8,97.3,1.36,164.68522,130.5,1984-10
31.86,21.5,276.7,89.5,0.91,157.05113,187.2,1984-11
29.83,20.32,370.7,79.8,1.09,132.73245,290.9,1984-12
30.47,19.89,147.9,104,1.56,177.43272,43.9,1985-01
30.95,21.37,149.4,95.8,0.97,184.92278,53.6,1985-02
31.02,21.08,255.5,108.6,1.23,181.47383,146.9,1985-03
31.93,21.4,108.5,114.9,1.13,200.99919,5.4,1985-04
31.47,21.24,253,102.7,1.02,172.19929,142.8,1985-05
32.5,20.41,32,123.1,1.56,221.31677,1.6,1985-06
31.66,19.69,166.1,113.5,1.1,196.36592,8.3,1985-07
31.65,20.11,131.7,106.3,1.38,176.14437,22.5,1985-08
31.22,20.18,211.5,94.4,1.27,163.22882,117.1,1985-09
30.8,20.6,329.5,87.8,1.04,145.57598,241.7,1985-10
31.41,21.54,366.6,81.1,0.84,137.78183,285.5,1985-11
30.23,20.36,263,89.8,1.15,152.08176,173.2,1985-12
28.93,20.24,240.5,93.6,1.7,158.37949,146.9,1986-01
31.15,20.58,67.9,108,1.5,204.90427,3.4,1986-02
31.23,21.13,190.9,111.9,1.36,185.59496,51.5,1986-03
32.03,21.5,230.3,104.7,0.85,180.42554,125.6,1986-04
32.07,21.4,129.6,111.6,1.6,179.84138,18,1986-05
32.2,20.81,125.4,106.9,1.15,186.37118,18.5,1986-06
32.46,20.54,119.6,115.1,1.22,193.78121,6,1986-07
32.65,20.75,36.9,115.9,1.38,190.27625,1.8,1986-08
31.33,20.38,204.9,89.7,1.22,148.53679,68,1986-09
30.9,20.8,287.7,86.2,0.95,141.41483,201.5,1986-10
31.51,21.54,198.4,85,1.13,140.24651,113.4,1986-11
30.79,20.62,212.3,92.2,1.24,153.41013,120.1,1986-12
29.78,20.34,155.7,95.9,1.7,161.71641,59.8,1987-01
31.55,20.48,48.8,119.4,1.73,230.31925,2.4,1987-02
32.58,21.63,141.8,116.2,1.1,195.72575,7.1,1987-03
32.58,21.75,207.8,114,0.95,197.59826,66.1,1987-04
32.06,21.45,232.3,103.2,0.89,172.39134,129.1,1987-05
32.55,21.61,145.4,99.8,1.28,170.81491,45.6,1987-06
32.6,21.14,117.5,110,1.18,183.96252,7.5,1987-07
31.69,20.81,307.3,102.7,1.26,168.83836,204.6,1987-08
31.67,21.03,263.4,93.8,1.15,162.30857,169.6,1987-09
31.65,21.4,363,94.4,0.93,158.75559,268.6,1987-10
32.51,22.45,279.6,85.5,0.86,144.11958,194.1,1987-11
30.13,20.92,282.6,83.6,1.3,137.00562,199,1987-12
30.57,21.14,123,99.3,1.48,172.44735,23.7,1988-01
31.25,21.58,194.5,99.8,1.18,190.71637,94.7,1988-02
31.93,22.04,225.3,113.3,1.15,191.9087,112,1988-03
32.33,22,203.6,113.2,1.05,196.37392,90.4,1988-04
32.02,21.95,259,111.3,0.99,190.8204,147.7,1988-05
32.1,20.86,222.2,100.8,1.04,176.72053,121.4,1988-06
31.76,20.79,153.8,104.7,1.04,179.29723,49.1,1988-07
31.49,20.66,403.2,102.1,1.04,173.54366,301.1,1988-08
31.32,21.03,268.1,92.1,1.14,161.62838,176,1988-09
31.65,21.16,101.1,105.4,1.47,178.50502,5.1,1988-10
31.26,22.14,331.7,76.2,1.26,121.6174,249.6,1988-11
30.03,20.18,222.9,95,1.43,163.11679,127.9,1988-12
29.93,20.83,241.1,93.9,1.45,155.36266,147.2,1989-01
30.85,20.38,62.9,113.5,1.61,214.53891,3.1,1989-02
31.27,20.94,147.2,113.6,1.09,190.73238,7.4,1989-03
31.83,21.35,253,111.7,0.89,193.82122,133.5,1989-04
31.91,21.4,183.3,104.3,0.91,172.42335,79,1989-05
32.1,20.47,159.3,107.1,1.01,186.68326,52.2,1989-06
32.11,20.84,162.2,106.4,1.06,177.04862,55.8,1989-07
31.84,20.51,147.1,102,1.12,164.42115,45.1,1989-08
31.36,20.63,311.7,102.4,1.26,176.85656,209.3,1989-09
30.85,21.01,258.2,92.3,1.08,151.89771,165.9,1989-10
31.97,22.14,228.1,90,1.27,147.45649,138.1,1989-11
30.73,20.82,145.1,96.2,1.37,158.93164,48.9,1989-12
30.07,20.49,204.7,101.4,1.5,173.10353,103.3,1990-01
31.6,21.92,89.3,106,1.53,199.27072,4.5,1990-02
32.98,21.65,114.9,134.9,1.41,225.54193,5.7,1990-03
32.49,22.19,171.6,112.8,1.03,191.72465,31,1990-04
32.17,21.75,198,110.1,0.99,184.2746,87.9,1990-05
32.55,21.41,102.8,105.6,1.16,183.19431,5.1,1990-06
32,20.79,138.9,108.5,1.02,182.90623,25.4,1990-07
32.64,20.95,109.1,119.3,1.44,198.19042,5.5,1990-08
31.82,20.77,308.2,98.5,1.35,166.92584,199.8,1990-09
31.3,21.1,276.9,89.6,1.04,147.02437,187.3,1990-10
32.31,22.3,226.6,88.1,1.14,145.45594,138.5,1990-11
30.73,20.86,258.7,90,1.46,145.75202,168.7,1990-12
30.43,21.18,163.4,94.9,1.5,158.01939,68.5,1991-01
31.75,21.32,87,111.8,1.55,209.34549,4.3,1991-02
32.37,21.63,183.5,122.2,1.14,205.82452,42.9,1991-03
32.43,21.9,248.2,113.7,0.93,196.80604,134.5,1991-04
32.11,21.84,376.2,97,0.84,158.89963,279.2,1991-05
32.89,21.75,124.4,107.6,1.27,185.44292,16.8,1991-06
32.36,21.63,112.5,105.8,1.19,174.17583,6.7,1991-07
32.25,21.11,116.3,102.8,1.33,164.58119,13.5,1991-08
31.87,21.27,154.7,97.4,1.32,166.54173,57.3,1991-09
31.3,21.1,250.9,96.4,0.93,161.93247,154.5,1991-10
31.32,21.84,252.6,77.3,1.12,125.29841,175.3,1991-11
29.98,21.26,295.4,77,1.26,123.52992,218.4,1991-12
30.33,20.58,152,98,1.56,169.74261,54,1992-01
31.55,21.77,141.2,94.9,1.18,178.92913,46.3,1992-02
32.98,21.84,112.7,129.5,1.22,222.46109,5.6,1992-03
33.39,22.59,149.8,121.2,0.98,212.27429,14.4,1992-04
32.86,22,257.6,107.7,0.95,178.82511,149.9,1992-05
32.3,21.46,91,105.3,1.22,184.6187,4.6,1992-06
31.96,20.79,157.6,110.3,1.1,189.81212,35.4,1992-07
32.05,21.06,125,114.7,1.43,195.79777,10.3,1992-08
32.12,20.92,160.7,106.4,1.31,188.21168,54.3,1992-09
31.1,20.9,225.9,100.3,1.39,170.54283,125.6,1992-10
31.17,21.54,287.7,86.6,1.42,144.47967,201.1,1992-11
30.13,20.86,289.2,82.3,1.34,137.69381,206.9,1992-12
30.03,20.89,152.5,92.7,1.44,155.09859,59.8,1993-01
30.85,20.82,82.4,107.3,1.48,205.41641,4.1,1993-02
31.48,21.33,218,119.6,1.34,202.95173,80.1,1993-03
31.73,21.74,240.9,108,0.88,190.42029,132.9,1993-04
32.41,21.9,286,107.5,1.02,180.16147,178.5,1993-05
32.8,21.36,150.3,107.3,1.09,186.67526,43,1993-06
32.26,21.29,167.4,103.3,0.99,172.46336,64.1,1993-07
32.3,21.01,175.5,113.2,1.35,187.95561,62.3,1993-08
31.82,20.77,222.1,105.4,1.25,184.60269,116.7,1993-09
31.2,21.1,363.2,94.1,1.12,156.579,269.1,1993-10
31.92,22.19,393.4,85.4,0.97,144.15158,308,1993-11
30.13,21.42,340.6,77.7,1.07,124.9063,262.9,1993-12
30.48,20.73,140.4,107.7,1.52,188.06764,32.7,1994-01
31.6,21.62,159.3,104.2,1.26,197.58226,55.1,1994-02
31.13,21.69,245.8,107.9,1.18,178.36898,137.9,1994-03
32.14,21.99,194.2,118.7,1.09,210.44979,75.5,1994-04
31.97,21.7,226.1,110.2,1.1,186.38718,115.9,1994-05
31.91,21.01,180.4,103.3,1.21,181.53785,77.1,1994-06
32.36,21.24,38.9,116.3,1.49,197.27817,1.9,1994-07
31.75,20.9,221.6,113.9,1.37,192.82095,60.5,1994-08
31.77,21.13,222,101.7,1.22,179.25722,120.3,1994-09
31.26,21.2,368.2,96.2,0.98,163.41287,272,1994-10
31.52,22.04,318.8,81,1.29,129.93968,237.8,1994-11
31.28,21.12,239,102,1.4,175.59222,137,1994-12
30.03,21.29,294.1,90.5,1.65,153.03402,203.6,1995-01
30.6,21.67,96.2,99.1,1.54,187.45948,4.8,1995-02
32.12,21.54,190.1,127.9,1.25,221.29277,57.3,1995-03
32.29,22.2,271.2,116.8,0.92,207.44897,154.4,1995-04
32.47,22,221,112.4,1.05,189.83613,108.6,1995-05
32.75,21.81,271.6,101.7,0.83,179.35325,169.9,1995-06
32.17,21.49,130.6,112.2,1.13,191.71665,18.4,1995-07
31.35,21.15,314.3,101.5,1.18,169.95067,212.8,1995-08
31.93,21.53,214,101.8,1.29,180.24149,112.2,1995-09
31.76,21.61,352.8,98.6,1.22,165.10934,254.2,1995-10
31.77,22.35,264.9,78.9,1,129.2915,186,1995-11
29.83,20.67,338.2,85.1,1.35,141.26279,253.1,1995-12
29.83,20.39,245.7,99.9,1.49,171.31104,145.8,1996-01
30.46,21.42,121.2,99.8,1.61,186.8113,21.4,1996-02
32.48,21.64,165.2,125.2,1.17,210.55382,40,1996-03
32.28,22.1,325.6,117.9,0.91,204.84025,207.7,1996-04
32.37,21.9,191.6,113.4,1.13,187.58751,78.2,1996-05
32.4,21.81,242,98.6,1.01,167.91811,143.4,1996-06
32.46,21.69,157.8,111.7,1.12,185.84303,46.1,1996-07
31.84,21.11,366.3,108,1.14,178.09691,258.3,1996-08
32.08,21.53,186.6,105.7,1.42,182.16202,80.9,1996-09
31.1,21.4,323.1,96.2,1.17,158.4275,226.9,1996-10
32.27,22.1,234.3,89,1.03,147.28044,145.3,1996-11
29.73,20.82,345.5,80.8,1.23,130.03571,264.7,1996-12
30.63,20.55,122.7,112.4,1.57,196.654,10.3,1997-01
31,21.67,202.2,95.9,1.19,181.89795,106.3,1997-02
32.58,21.99,136.5,126.1,1.19,216.05933,10.4,1997-03
32.14,21.95,276,116.7,0.99,204.96828,159.3,1997-04
33.12,22.3,105.9,116.4,1.19,194.57343,5.3,1997-05
32.81,21.51,167.4,101.8,1.11,174.36788,55.7,1997-06
32.46,21.73,174.2,108.8,1.16,182.49011,65.4,1997-07
32.5,21.66,142.2,104.4,1.3,170.40679,37.8,1997-08
31.92,21.93,129.2,94.3,1.24,162.49262,34.9,1997-09
31.65,21.6,309.2,91.8,0.9,152.5859,217.4,1997-10
32.47,22.44,342.1,86.7,0.87,146.7443,255.4,1997-11
31.03,21.56,235.1,84,1.18,136.64552,151.1,1997-12
31.38,22.24,185.3,93.8,1.37,156.25091,91.5,1998-01
32.81,22.63,50.8,111.1,1.24,207.87308,2.5,1998-02
33.57,22.69,63.4,129.3,1.16,214.15481,3.2,1998-03
33.29,22.59,94.8,127.9,1.02,221.81291,4.7,1998-04
33.67,23.24,218,114.8,1.04,188.34772,44.8,1998-05
32.86,22.11,144.1,104.8,0.91,180.48956,39.3,1998-06
32.66,21.94,239.3,105.5,0.73,178.52902,133.8,1998-07
31.79,21.35,309.5,99,0.94,163.11679,210.5,1998-08
32.12,21.83,152.5,94.1,1.19,161.35631,58.4,1998-09
31.8,22.01,246.4,95.3,1.18,156.9391,151.1,1998-10
32.37,22.8,376.2,83.3,0.99,136.71754,292.9,1998-11
30.18,21.27,242.3,76.2,1.02,121.31331,166.1,1998-12
29.73,21.33,291.4,82.4,1.28,140.68663,209,1999-01
30.5,21.82,186.2,99.9,1.41,194.68546,86.3,1999-02
31.87,21.99,283,113.7,1.02,198.21443,169.3,1999-03
32.14,22.2,189.2,118.2,1.12,211.53809,71,1999-04
31.82,21.75,277.9,114.2,0.91,201.84743,163.7,1999-05
32.3,21.31,152.9,107.9,1.01,197.40621,45,1999-06
32.16,21.34,119.5,106.1,1.07,183.88249,13.4,1999-07
31.65,20.91,210.9,105.7,1.05,182.97825,105.2,1999-08
31.92,21.13,344.9,101.2,1.17,182.066,243.7,1999-09
31.1,21.21,346.9,87.5,1.02,147.24843,259.4,1999-10
32.22,22.29,342.8,84.3,1.08,142.60716,258.5,1999-11
29.83,20.82,306.7,82.6,1.39,137.96589,224.1,1999-12
29.88,21.09,393.5,93.4,1.61,151.60163,300.1,2000-01
30.8,21.52,252.6,98.8,1.26,183.85849,153.8,2000-02
31.87,21.73,276.4,120.8,1.15,201.99947,155.6,2000-03
31.89,22,334,118.6,1.04,204.78423,215.4,2000-04
32.77,22,159.3,122.9,1.15,204.68821,36.4,2000-05
31.9,21.31,202.2,111.4,1.03,195.1896,90.8,2000-06
32.61,21.43,70.6,124.3,1.25,210.83389,3.5,2000-07
32.14,21.16,159.5,120.7,1.28,201.61536,8,2000-08
32.17,21.47,251.5,109.5,1.28,188.65981,136.7,2000-09
31.96,21.56,209.8,113.5,1.52,187.98762,96.3,2000-10
32.07,22.75,328.5,86.4,1.11,140.27052,242.1,2000-11
31.18,21.46,334.9,90,1.1,145.84005,244.9,2000-12
29.93,21.04,340.9,85.5,1.25,136.72554,255.4,2001-01
31.15,21.73,100.8,105.1,1.24,197.52624,5,2001-02
32.23,21.99,184.7,116.6,1.2,189.95616,62.2,2001-03
32.33,22.34,268.4,111.7,0.89,188.81185,156.7,2001-04
32.57,22.4,174.7,113.6,1.1,185.26687,61.1,2001-05
32.46,21.61,138.2,106.2,1.1,180.28951,32,2001-06
33.06,21.74,125.4,114.8,0.99,190.05219,10.6,2001-07
32.44,21.76,141.4,109.4,1.22,175.8883,32,2001-08
32.32,21.63,222.9,100.5,1.22,167.36596,122.4,2001-09
31.5,21.81,236.5,99.2,1.16,161.71641,137.3,2001-10
32.03,22.75,392.2,86.9,1.02,142.47112,305.3,2001-11
31.04,21.47,269.6,93.5,1.38,151.08949,176.1,2001-12
30.78,21.39,94.2,106.4,1.77,176.35243,4.7,2002-01
32.11,21.83,44.9,120.4,1.54,227.37444,2.2,2002-02
33.18,22.29,146.3,141.2,1.28,238.43347,7.3,2002-03
32.98,22.45,312.2,131.7,1.1,228.05462,132.3,2002-04
32.93,22.84,223.3,124.3,1.36,205.45642,99,2002-05
33.1,22.11,166.2,120.3,1.14,210.30575,45.9,2002-06
33.16,22.24,110.7,121.9,1.19,203.12778,5.5,2002-07
32.64,21.65,240,127.7,1.4,213.89073,101.7,2002-08
32.08,21.53,250.7,121.2,1.55,214.859,129.5,2002-09
32.2,21.9,273.3,117.5,1.17,200.31101,155.8,2002-10
32.67,22.64,277.7,99.3,1.11,167.33395,178.4,2002-11
31.53,22.11,317.1,97.6,1.17,162.47662,219.5,2002-12
30.42,21.68,237.8,96.8,1.61,162.64466,141,2003-01
31.31,22.12,115,111.5,1.5,212.01022,5.7,2003-02
32.67,22.33,260.1,132.1,1.3,222.48509,126.6,2003-03
32.59,22.54,241.4,131.8,1.06,231.50357,109.6,2003-04
32.97,22.74,181.8,128.6,1.4,214.53091,53.2,2003-05
33,21.81,236.2,122.8,1.24,215.11507,113.4,2003-06
32.06,21.74,296,121,1.25,206.38467,175,2003-07
32.55,21.95,280.8,122.9,1.4,207.06486,157.9,2003-08
32.23,21.69,189.2,116.8,1.57,204.83225,72.4,2003-09
31.4,21.7,324.6,109.5,1.58,183.40236,215.1,2003-10
32.32,22.65,340.3,93.8,1,158.47552,246.5,2003-11
30.59,21.42,287.4,95.2,1.33,159.1557,192.2,2003-12
31.03,21.69,212.9,109.2,1.61,187.1714,103.7,2004-01
31.55,22.08,101.6,116.9,1.37,224.78172,5.1,2004-02
32.57,22.83,159.1,131.3,1.41,220.3165,14.9,2004-03
33.19,22.5,139.1,138.5,1.12,242.57061,7,2004-04
33.12,22.4,193.2,133.4,1.26,224.98178,55.8,2004-05
32.7,21.66,120.6,121.5,1.54,211.5701,6,2004-06
31.81,21.14,224.7,121.6,1.09,211.17799,98.8,2004-07
32.44,21.56,157.4,124,1.53,209.43351,33.4,2004-08
31.88,21.18,215.1,118.7,1.54,210.20972,96.4,2004-09
31.06,21.36,296.1,106,1.34,180.2735,190.1,2004-10
32.32,22.39,204.2,102.2,1.2,175.41617,102,2004-11
30.39,21.32,249.5,100.7,1.43,172.69542,148.8,2004-12
30.43,20.84,117.4,113.6,1.71,203.90399,5.9,2005-01
32.61,22.08,66.6,119.3,1.37,232.87995,3.3,2005-02
32.68,22.19,146.2,135.9,1.44,234.08028,7.3,2005-03
32.74,22.79,159.3,129,1.12,230.78337,8,2005-04
32.17,22.3,297.4,119.7,1.18,206.80079,166.6,2005-05
32.76,22.07,146.9,113.3,1.24,203.40786,33.6,2005-06
32.26,21.74,161.2,118.1,1.1,207.00084,43.1,2005-07
32.54,21.85,213.2,124.1,1.41,215.19509,89.1,2005-08
32.64,21.98,177.2,116.3,1.63,207.50498,60.9,2005-09
31.1,21.76,294.7,101.4,1.31,173.13554,193.3,2005-10
31.91,22.6,270.7,91,1.16,156.74704,179.7,2005-11
29.98,21.22,340,74,1.12,119.18473,266,2005-12
29.87,21.09,253.8,92.7,1.53,154.81051,161.1,2006-01
30.96,22.12,247.7,90,1.5,162.90873,157.7,2006-02
32.27,22.13,175,116.1,1.21,191.86068,58.9,2006-03
31.99,22.1,183,108,0.96,184.05854,75,2006-04
31.67,21.7,327.5,100,1.07,163.00476,227.5,2006-05
31.8,21.36,176.4,94.3,1.1,160.9562,82.1,2006-06
32.26,21.94,141.9,94.7,1.11,153.25808,47.2,2006-07
32.05,21.45,209.2,99.7,1.19,160.46806,109.5,2006-08
31.42,21.28,249.7,85.5,1.29,141.84695,164.2,2006-09
31.59,21.75,233.9,86.8,1.18,139.31025,147.1,2006-10
32.17,22.2,236,82.6,0.94,134.34089,153.4,2006-11
30.83,21.72,317.6,79.9,1.32,126.64278,237.7,2006-12
29.43,21.59,357,76.9,1.69,123.95404,280.1,2007-01
31.1,21.78,72.9,92.8,1.32,173.3436,3.6,2007-02
32.17,22.04,153.6,111.9,1.19,187.77956,26.9,2007-03
32.09,22.29,254.3,100.2,1.01,168.66231,154.1,2007-04
32.17,22.1,189.3,104,1.13,173.03952,85.3,2007-05
32.15,21.95,183.6,88.5,1.02,150.64137,95.1,2007-06
31.86,21.74,185.4,87,0.88,141.87896,98.4,2007-07
31.89,21.36,216.6,101.6,1.19,169.15845,115,2007-08
32.02,21.68,203,91.1,1.36,155.1226,111.9,2007-09
31.05,21.4,324.1,78.6,1.07,124.45017,245.5,2007-10
31.87,22.54,169.6,75.9,1.12,122.66568,93.7,2007-11
30.53,21.32,287.3,79.6,1.37,127.84311,207.7,2007-12
30.23,21.39,275.4,86.4,1.42,139.22223,189,2008-01
30.95,21.47,205,98.4,1.53,178.03289,106.6,2008-02
30.93,21.89,270.9,96.4,1.29,152.47387,174.5,2008-03
31.83,22.1,222.6,92.9,0.95,150.55334,129.7,2008-04
31.97,22,183.2,97.1,1.19,152.66592,86.1,2008-05
31.85,21.45,193.1,81.7,0.95,130.76391,111.4,2008-06
31.51,21.49,179.7,90.4,1.03,144.02355,89.3,2008-07
31.79,21.36,242,96.2,1.16,152.66592,145.8,2008-08
31.87,21.53,204.4,94.5,1.43,156.99511,109.9,2008-09
31.69,21.85,453.5,80.3,1.07,123.55393,373.2,2008-10
31.87,22.7,245.2,67.1,1.07,98.86715,178.1,2008-11
30.14,21.23,284.4,74.4,1.3,113.75924,210,2008-12
29.48,20.69,394.8,88.9,1.55,146.48022,305.9,2009-01
31.2,21.73,127.5,96,1.25,178.94514,31.5,2009-02
31.37,21.79,345.8,101.4,1.02,165.92556,244.4,2009-03
32.18,22.45,239.9,109.9,1.14,186.33117,130,2009-04
32.27,22.25,246.2,103.3,1.06,167.8701,142.9,2009-05
33,22.21,127.7,101.7,0.97,173.99178,26,2009-06
32.26,22.04,155.4,101.7,1,167.18991,53.7,2009-07
31.99,21.66,247.8,96.3,1.12,154.06631,151.5,2009-08
32.12,22.03,218,91.7,1.29,153.77023,126.3,2009-09
31.8,21.86,245.7,91.7,1.08,147.55252,154,2009-10
31.57,22.74,264,72.5,1.14,112.1668,191.5,2009-11
30.33,21.36,396.7,82.1,1.31,131.80419,314.6,2009-12
30.53,21.69,215.4,88.2,1.43,145.92807,127.2,2010-01
32.05,22.63,87,107.8,1.31,204.56017,4.4,2010-02
32.77,22.64,122.4,122.9,1.26,204.26409,6.1,2010-03
33.04,23.19,216.2,110.4,1.05,185.739,86.3,2010-04
33.13,23.2,320,106.8,0.97,175.00005,213.2,2010-05
32.7,22.21,201.3,94.8,0.89,160.6121,106.5,2010-06
32.16,21.94,193.9,92.3,0.77,152.04175,101.6,2010-07
32.35,21.96,180.2,103.4,1.12,171.64713,76.8,2010-08
32.02,21.93,180.8,90.1,1.12,152.82597,90.7,2010-09
31.7,21.71,133.1,96.6,1.26,160.41205,36.5,2010-10
32.07,22.54,259.2,77.1,1.01,123.85801,182.1,2010-11
30.13,21.32,323.9,74.1,1.04,117.16017,249.8,2010-12
29.47,21.29,439.4,80.4,1.55,132.41236,359,2011-01
31.4,22.08,48,102.6,1.35,200.95118,2.4,2011-02
31.03,21.99,326.6,97.6,1.24,162.88473,193,2011-03
31.89,22.5,148.2,107.3,1.06,190.42029,40.9,2011-04
32.43,22.35,245.2,100.2,0.99,168.55829,145,2011-05
32.5,22.26,149.7,94.6,1.04,165.82153,55.1,2011-06
32.42,22,110.2,102,1.09,173.11154,8.2,2011-07
32.05,21.76,208.4,102.5,1.11,174.02379,105.9,2011-08
32.13,21.83,196.4,95.8,1.34,167.95012,100.6,2011-09
31.3,21.6,397.2,89.7,1.13,150.33728,307.5,2011-10
32.02,22.8,325.3,71.7,1.12,114.59947,253.6,2011-11
30.19,21.82,349.4,69.2,1.2,109.94219,280.2,2011-12
30.23,21.59,318.9,81,1.37,129.87566,237.9,2012-01
31.25,22.32,180.1,92.1,1.24,169.54256,88,2012-02
31.67,22.34,274,101,1.12,163.07678,173,2012-03
32.04,22.3,285.1,99.4,0.93,166.30967,185.7,2012-04
32.27,22.3,303.8,104.3,1.09,171.20701,199.5,2012-05
32.86,22.17,92.6,99.9,1.13,170.03069,4.6,2012-06
32.16,21.74,122.4,95.9,1.11,153.97028,18.9,2012-07
32.24,21.71,245.2,98.1,1.13,158.57154,147.1,2012-08
31.93,21.83,209.1,89.4,1.24,149.95318,119.7,2012-09
31.36,21.85,256.6,88.9,1.05,145.25589,167.7,2012-10
32.37,22.8,295.5,79.5,0.86,130.56385,216,2012-11
30.53,21.52,336.6,73.3,0.98,113.91128,263.3,2012-12
30.23,21.69,315.2,88.8,1.44,150.7534,226.4,2013-01
30.3,22.22,273.2,81.9,1.35,148.65682,191.3,2013-02
32.73,22.89,81.5,117.7,1.13,201.20725,4.1,2013-03
32.59,22.99,194.4,105.6,0.95,180.42554,63.3,2013-04
32.67,22.6,220.2,105.6,1.03,175.63223,114.6,2013-05
33.06,22.31,115.6,102.5,1.04,178.92913,13.1,2013-06
32.16,21.84,145.8,104.8,0.88,179.82538,41,2013-07
32.15,21.86,179.9,100.6,1.13,167.94212,79.3,2013-08
31.82,21.83,273.9,88.8,1.33,151.8577,185.1,2013-09
31.5,21.81,297.2,83.4,1.14,134.3729,213.8,2013-10
32.07,22.95,462.7,73.3,0.99,118.08843,389.4,2013-11
30.23,21.82,214.3,65,1.22,97.80286,149.3,2013-12
29.53,20.89,183.3,89.9,1.61,148.40075,93.4,2014-01
31.81,21.53,12.1,113.9,1.47,216.14735,0.6,2014-02
32.88,22.09,80.8,130.8,1.38,216.82754,4,2014-03
32.88,22.74,123.3,103.4,1.01,169.07043,6.2,2014-04
32.56,22.6,351.4,98.3,0.98,156.06686,211.2,2014-05
32.85,22.51,115.5,94,1.16,155.4827,21.5,2014-06
32.66,22.04,127.7,97.1,1.01,155.19462,30.6,2014-07
31.99,21.76,282.2,93.3,1.2,145.97608,188.9,2014-08
32.12,21.78,151.4,88.9,1.34,145.88006,62.5,2014-09
31.75,21.9,302.6,85.4,1.06,135.00507,217.2,2014-10
32.27,22.94,266.4,76.2,1.06,118.99268,190.2,2014-11
30.48,21.72,400.2,67.8,1.15,98.89916,332.4,2014-12
30.13,21.19,162.9,95.1,1.49,160.13997,67.8,2015-01
31.36,21.92,70.1,109.5,1.45,210.31375,3.5,2015-02
32.72,22.43,116.5,125.5,1.27,210.89791,5.8,2015-03
32.69,22.8,243.8,122.4,1.13,211.68213,87.3,2015-04
32.67,22.8,192.1,110.5,1.06,183.30634,81.6,2015-05
32.9,22.47,192.2,103.5,1.19,176.92858,88.7,2015-06
32.91,22.34,105.8,107.4,1.06,178.00888,5.3,2015-07
32.25,21.86,260.9,108.3,1.18,179.38526,148.3,2015-08
32.07,22.03,196.1,100.2,1.3,173.68769,95.9,2015-09
31.8,22.1,273.4,108.3,1.13,184.88277,165.1,2015-10
32.26,22.59,306.5,87,0.93,145.60798,219.5,2015-11
31.28,21.62,276.5,91.3,1.18,151.29755,185.2,2015-12
31.2,21.9,160.7,99.5,1.41,167.47799,61.2,2016-01
31.5,22.6,121.7,100.7,1.72,185.68299,21,2016-02
32.8,22.8,66.4,135,1.39,230.49529,3.3,2016-03
33.3,23.3,81,120.9,1.12,206.75277,4.1,2016-04
33,23,294,110,1.06,180.33752,129.1,2016-05
32.6,22.2,173.1,102.3,1.13,176.28041,70.8,2016-06
32.8,22.2,192.7,104.8,0.84,176.68052,87.9,2016-07
32.8,22.4,190,105.7,1.09,173.80773,84.3,2016-08
32.7,22.2,239.4,100.1,1.42,168.17418,139.3,2016-09
31.8,22.2,273.8,96.7,1.39,159.06768,177.1,2016-10
32.2,23.3,247.3,77.9,1.02,125.43444,169.4,2016-11
30.7,21.9,339.2,78.4,1.26,123.85001,260.8,2016-12
29.9,21.7,406.4,74.2,1.45,114.82353,332.2,2017-01
31,22.1,116.3,92.3,1.51,169.3425,24,2017-02
31.8,22.2,160.4,103.7,1.18,168.95039,56.7,2017-03
31.8,22.6,160.4,96.2,1.04,159.63584,64.2,2017-04
32.3,22.6,119,97.3,1.08,157.86735,21.7,2017-05
32.6,21.5,18.9,102.5,0.93,177.87284,0.9,2017-06
32.9,21.9,175.9,107.7,1.06,178.26495,21,2017-07
32,21.6,186.1,101.5,1.15,164.92529,84.6,2017-08
31.8,21.7,252.9,91.4,1.34,154.33838,161.5,2017-09
31.8,22.1,178.9,94.8,1.11,156.10687,84.1,2017-10
32,22.6,355.8,71.2,1.02,108.94192,284.6,2017-11
30.9,21.5,210.1,79.5,1.26,124.82628,130.6,2017-12
29.7,20.6,562.1,66.1,0.8,100.79568,496,2018-01
31.8,21.1,96.7,101.1,1.1,193.64517,4.8,2018-02
33.1,21.8,121.2,104.2,0.8,172.22329,11.2,2018-03
33.1,21.6,148.3,105.9,0.8,180.75363,42.4,2018-04
32,22.5,272.6,94.7,0.7,158.4275,177.9,2018-05
32.6,21.4,146.6,98.4,0.6,175.49619,48.2,2018-06
32.8,21.8,123.8,94.8,0.7,158.92364,29,2018-07
32.9,21.8,133.2,108.7,0.8,184.42664,24.5,2018-08
31.5,21.3,225.2,91.1,0.9,158.0354,134.1,2018-09
31.4,21.9,378.4,85,0.8,141.6629,293.4,2018-10
32.4,23.2,255.8,73.5,0.7,121.52937,182.3,2018-11
31.6,21.3,342.3,81.5,0.8,130.45182,260.8,2018-12
32,22.4,104.3,112.5,1.6,188.20368,5.2,2019-01
33.3,23.3,48.9,123.2,1.5,226.70225,2.4,2019-02
34.7,23.9,120.6,147,1.2,242.40256,6,2019-03
34,23.5,139.8,123.6,1,208.60128,7,2019-04
33.9,23.3,199.7,122,1.1,200.59908,31.2,2019-05
33.1,22,186.2,99.6,1.2,170.10271,86.6,2019-06
33.4,22.3,125.6,120.4,1.1,206.40068,6.3,2019-07
33.3,22.2,98.3,122.8,1.6,200.50306,4.9,2019-08
33.5,22.8,147.7,117.5,1.2,202.19952,11,2019-09
32.5,22.3,356.3,106.1,1.1,175.60022,250.2,2019-10
33,23.3,233.4,91.6,1,152.40185,141.8,2019-11
31.5,22,145.5,98.3,1.5,158.69958,47.2,2019-12
32.4,23.2,195.3,114.4,1.7,179.08118,80.9,2020-01
31.7,21.9,91.6,106.2,1.6,190.62835,4.6,2020-02
33.6,23.2,141.9,132.8,1.3,218.46799,7.1,2020-03
32.9,22.7,282.7,114.1,1,191.71665,158.5,2020-04
32.5,22.2,571.4,99.1,1,159.62783,472.3,2020-05
32.2,21.2,231.2,92.4,1.1,156.66702,138.8,2020-06
32.3,21.4,298.1,99.6,1,165.65349,198.5,2020-07
33.3,22.3,180.2,117.3,1.3,190.8284,62.9,2020-08
32.1,21.5,436.8,94.9,1.4,156.77105,341.9,2020-09
32.5,22.4,198.6,94.3,1.1,149.95318,104.3,2020-10
32.3,22.6,413.7,80.2,1,127.25094,333.5,2020-11
31.2,21.8,270,92,1.2,150.15323,178,2020-12